id,everyday_word,transformed_word,everyday_sentence,improved_sentence_1,improved_sentence_2,difficulty_level,synonyms,usage_note,english_meaning,challenge_prompt,tags
"karya","kaam","karya","Humne is kaam ko jaldi khatam kiya.","Humne is karya ko sheeghra samaapt kiya.","Aupacharik samvaad mein karya shabd ka prayog sarvatha uchit evam sarthak prateet hota hai.","easy","kaarya | kartavya | prayojan","Karya gives ordinary work a composed, purposeful tone without sounding heavy.","work, task, or purposeful action","Aaj ke kisi mahatvapurn karya par ek spasht vaakya banaiye.","work | daily speech | professional"
"prayas","koshish","prayas","Maine samjhaane ki koshish ki.","Maine samjhaane ka prayas kiya.","Aupacharik samvaad mein prayas shabd ka prayog sarvatha uchit evam sarthak prateet hota hai.","easy","yatna | mehnat | chesta","Prayas is graceful in speech and writing, especially when describing sincere effort.","effort or attempt","Kisi aise prayas ka zikr kijiye jisse aapko sudhaar mehsoos hua.","effort | self improvement | daily speech"
"sheeghra","jaldi","sheeghra","Kripya mujhe jaldi jawab dijiye.","Kripya mujhe sheeghra uttar dijiye.","Aupacharik samvaad mein sheeghra shabd ka prayog sarvatha uchit evam sarthak prateet hota hai.","easy","turant | tatkaal | jaldi","Sheeghra feels courteous and precise; use it when speed matters but the tone should stay calm.","soon, quickly, or without delay","Sheeghra shabd ka prayog karte hue kisi vinamra nivedan ka vaakya kahiye.","time | polite speech | requests"
"arth","matlab","arth","Is baat ka matlab kya hai?","Is baat ka arth kya hai?","Aupacharik samvaad mein arth shabd ka prayog sarvatha uchit evam sarthak prateet hota hai.","easy","maayne | bhaav | tatparya","Arth is concise and elegant, useful whenever you are clarifying meaning.","meaning or significance","Arth shabd ka prayog karte hue kisi vichaar ko samjhaiye.","meaning | clarity | conversation"
"arthaat","yaani","arthaat","Yaani humein ab faisla lena hoga.","Arthaat humein ab nirnay lena hoga.","Aupacharik samvaad mein arthaat shabd ka prayog sarvatha uchit evam sarthak prateet hota hai.","medium","yaani | tatparya yeh hai | is arth mein","Arthaat is best for explaining or restating a point with poise.","that is, namely, or in other words","Arthaat ka prayog karke kisi baat ko aur spasht kijiye.","clarity | explanation | formal"
"vichaar","soch","vichaar","Meri soch thodi alag hai.","Mera vichaar thoda alag hai.","Aupacharik samvaad mein vichaar shabd ka prayog sarvatha uchit evam sarthak prateet hota hai.","easy","raay | manan | drishti","Vichaar sounds mature and reflective, especially for opinions and ideas.","thought, idea, or considered view","Kisi vishay par apna vichaar ek santulit vaakya mein kahiye.","ideas | opinion | reflection"
"drishtikon","nazariya","drishtikon","Aapka nazariya samajhna zaroori hai.","Aapka drishtikon samajhna avashyak hai.","Aupacharik samvaad mein drishtikon shabd ka prayog sarvatha uchit evam sarthak prateet hota hai.","medium","drishti | raay | pariprekshya","Drishtikon is ideal for thoughtful discussions where perspective matters.","perspective or point of view","Apne drishtikon ko ek vinamra vaakya mein vyakt kijiye.","perspective | discussion | professional"
"uchit","sahi","uchit","Yeh sahi samay nahi hai.","Yeh uchit samay nahi hai.","Aupacharik samvaad mein uchit shabd ka prayog sarvatha uchit evam sarthak prateet hota hai.","easy","upayukt | theek | anukul","Uchit adds tact when you want to say something is right or suitable.","appropriate, proper, or suitable","Uchit shabd ka prayog karke kisi salah ka vaakya banaiye.","judgment | advice | polite speech"
"avashyak","zaroori","avashyak","Yeh baat samajhna zaroori hai.","Yeh baat samajhna avashyak hai.","Aupacharik samvaad mein avashyak shabd ka prayog sarvatha uchit evam sarthak prateet hota hai.","easy","aavashyak | anivarya | mahatvapurn","Avashyak sounds clear and composed without becoming too formal.","necessary or essential","Kisi avashyak kaam ke baare mein ek seedha vaakya kahiye.","importance | clarity | daily speech"
"sahayata","madad","sahayata","Mujhe thodi madad chahiye.","Mujhe thodi sahayata chahiye.","Aupacharik samvaad mein sahayata shabd ka prayog sarvatha uchit evam sarthak prateet hota hai.","easy","madad | sahyog | samarthan","Sahayata keeps a request respectful and elegant.","help or assistance","Sahayata maangte hue ek vinamra vaakya taiyar kijiye.","help | requests | polite speech"
"samasya","problem","samasya","Is project mein ek problem aa gayi hai.","Is project mein ek samasya aa gayi hai.","Aupacharik samvaad mein samasya shabd ka prayog sarvatha uchit evam sarthak prateet hota hai.","easy","pareshani | dikkat | vighn","Samasya replaces English-mixed phrasing cleanly while staying common in spoken Hindi.","problem, issue, or difficulty","Kisi chhoti samasya ko shaant bhaav se varnit kijiye.","problem solving | professional | daily speech"
"samadhan","solution","samadhan","Humein iska solution mil gaya.","Humein iska samadhan mil gaya.","Aupacharik samvaad mein samadhan shabd ka prayog sarvatha uchit evam sarthak prateet hota hai.","easy","hal | upay | nivarana","Samadhan is natural in meetings, planning, and thoughtful conversation.","solution or resolution","Samadhan shabd ka prayog karte hue kisi upay ka vaakya kahiye.","problem solving | professional | clarity"
"spasht","clear","spasht","Aapki baat ab clear hai.","Aapki baat ab spasht hai.","Aupacharik samvaad mein spasht shabd ka prayog sarvatha uchit evam sarthak prateet hota hai.","easy","saaf | prakat | sugam","Spasht is a useful everyday upgrade for clarity without sounding stiff.","clear, evident, or explicit","Spasht shabd ke saath kisi nirdesh ya vichaar ko kahiye.","clarity | communication | professional"
"aspashtata","confusion","aspashtata","Is point par thodi confusion hai.","Is bindu par thodi aspashtata hai.","Aupacharik samvaad mein aspashtata shabd ka prayog sarvatha uchit evam sarthak prateet hota hai.","medium","uljhan | asmanjas | sandigdhata","Aspashtata names confusion gracefully, especially when you want to stay diplomatic.","lack of clarity or ambiguity","Aspashtata door karne ke liye ek vinamra vaakya banaiye.","clarity | meetings | professional"
"nirnay","faisla","nirnay","Humein aaj faisla lena hai.","Humein aaj nirnay lena hai.","Aupacharik samvaad mein nirnay shabd ka prayog sarvatha uchit evam sarthak prateet hota hai.","easy","faisla | nishchay | tai","Nirnay is elegant and common enough for everyday formal speech.","decision","Nirnay shabd ka prayog karte hue ek sthir vaakya kahiye.","decision | planning | professional"
"samay","time","samay","Mere paas time kam hai.","Mere paas samay kam hai.","Aupacharik samvaad mein samay shabd ka prayog sarvatha uchit evam sarthak prateet hota hai.","easy","waqt | avasar | ghadi","Samay is one of the easiest upgrades from English-mixed everyday Hindi.","time","Samay ka samman dikhate hue ek chhota vaakya kahiye.","time | daily speech | planning"
"avasar","mauka","avasar","Mujhe bolne ka mauka mila.","Mujhe bolne ka avasar mila.","Aupacharik samvaad mein avasar shabd ka prayog sarvatha uchit evam sarthak prateet hota hai.","easy","mauka | sandhi | avkaash","Avasar sounds optimistic and cultured while staying easy to understand.","opportunity or occasion","Kisi naye avasar ke baare mein ek utsaahbhara vaakya kahiye.","opportunity | growth | positive"
"sambhav","possible","sambhav","Yeh kaam possible hai.","Yeh karya sambhav hai.","Aupacharik samvaad mein sambhav shabd ka prayog sarvatha uchit evam sarthak prateet hota hai.","easy","mumkin | sakya | ho sakta hai","Sambhav keeps the sentence Hindi-forward and confident.","possible or feasible","Sambhav shabd ka prayog karte hue kisi yojana par vaakya banaiye.","planning | confidence | professional"
"asambhav","impossible","asambhav","Itni jaldi yeh impossible hai.","Itni sheeghra yeh asambhav hai.","Aupacharik samvaad mein asambhav shabd ka prayog sarvatha uchit evam sarthak prateet hota hai.","medium","namumkin | durlabh | akarya","Asambhav is direct but composed; pair it with a reason for a softer tone.","impossible or not feasible","Asambhav shabd ka prayog karte hue ek vinamra seema batayiye.","limits | planning | professional"
"sujhav","suggestion","sujhav","Mera ek suggestion hai.","Mera ek sujhav hai.","Aupacharik samvaad mein sujhav shabd ka prayog sarvatha uchit evam sarthak prateet hota hai.","easy","salah | paramarsh | raay","Sujhav sounds collaborative and clear in group conversations.","suggestion or recommendation","Sujhav dete hue ek sahaj aur vinamra vaakya kahiye.","advice | collaboration | professional"
"uttar","jawab","uttar","Mujhe iska jawab nahi mila.","Mujhe iska uttar nahi mila.","Aupacharik samvaad mein uttar shabd ka prayog sarvatha uchit evam sarthak prateet hota hai.","easy","pratikriya | jawab | samadhan","Uttar is especially good when asking or responding politely.","answer or response","Uttar shabd ka prayog karte hue ek prashn ka sandarbh dijiye.","response | communication | polite speech"
"prashn","sawaal","prashn","Mera ek sawaal hai.","Mera ek prashn hai.","Aupacharik samvaad mein prashn shabd ka prayog sarvatha uchit evam sarthak prateet hota hai.","easy","sawaal | jigyasa | puchh-taach","Prashn is familiar, clean, and suitable for classrooms, meetings, and talks.","question","Prashn shabd ka prayog karte hue ek vinamra sawaal poochhiye.","questions | learning | communication"
"uttam","bahut achchha","uttam","Aapka kaam bahut achchha hai.","Aapka karya uttam hai.","Aupacharik samvaad mein uttam shabd ka prayog sarvatha uchit evam sarthak prateet hota hai.","easy","shreshth | badhiya | sarvottam","Uttam is appreciative and refined; use it for genuine praise.","excellent or very good","Uttam shabd ka prayog karte hue kisi ka sarahniya kaam batayiye.","praise | positive | daily speech"
"sundar","achchha","sundar","Aapne achchhi baat kahi.","Aapne sundar baat kahi.","Aupacharik samvaad mein sundar shabd ka prayog sarvatha uchit evam sarthak prateet hota hai.","easy","manohar | sushobhit | sajag","Sundar can praise words, ideas, or gestures, not only appearance.","beautiful, graceful, or pleasant","Sundar shabd ka prayog karke kisi vichaar ki prashansa kijiye.","praise | expression | positive"
"sahaj","easy","sahaj","Yeh tareeka easy hai.","Yeh tareeka sahaj hai.","Aupacharik samvaad mein sahaj shabd ka prayog sarvatha uchit evam sarthak prateet hota hai.","easy","saral | sugam | prakritik","Sahaj is warmer than easy and suggests natural simplicity.","easy, natural, or effortless","Sahaj shabd ka prayog karte hue kisi prakriya ko varnit kijiye.","ease | process | daily speech"
"kathin","mushkil","kathin","Yeh kaam mushkil hai.","Yeh karya kathin hai.","Aupacharik samvaad mein kathin shabd ka prayog sarvatha uchit evam sarthak prateet hota hai.","easy","dushkar | kashtkar | jatil","Kathin is clear and balanced; it names difficulty without sounding dramatic.","difficult or demanding","Kathin shabd ka prayog karte hue kisi chunauti par vaakya kahiye.","difficulty | challenge | daily speech"
"sankalp","iraada","sankalp","Mera iraada roz padhne ka hai.","Mera sankalp roz padhne ka hai.","Aupacharik samvaad mein sankalp shabd ka prayog sarvatha uchit evam sarthak prateet hota hai.","medium","nishchay | pratigya | dridh ichchha","Sankalp adds strength and dignity when speaking about commitment.","resolve or firm intention","Apne kisi sankalp ko ek saaf vaakya mein vyakt kijiye.","commitment | self improvement | motivation"
"anubhav","experience","anubhav","Mera experience achchha raha.","Mera anubhav achchha raha.","Aupacharik samvaad mein anubhav shabd ka prayog sarvatha uchit evam sarthak prateet hota hai.","easy","tajurba | anubhuti | gyaan","Anubhav is natural in both personal reflection and professional settings.","experience","Kisi yaadgaar anubhav ke baare mein ek vaakya kahiye.","experience | reflection | daily speech"
"samvaad","baatcheet","samvaad","Humein is par baatcheet karni chahiye.","Humein is par samvaad karna chahiye.","Aupacharik samvaad mein samvaad shabd ka prayog sarvatha uchit evam sarthak prateet hota hai.","medium","vaarta | baatcheet | charcha","Samvaad suggests respectful exchange, not just casual talking.","dialogue or meaningful conversation","Samvaad shabd ka prayog karke kisi zaroori baatcheet ka zikr kijiye.","conversation | respect | collaboration"
"charcha","discussion","charcha","Kal is topic par discussion hoga.","Kal is vishay par charcha hogi.","Aupacharik samvaad mein charcha shabd ka prayog sarvatha uchit evam sarthak prateet hota hai.","easy","samvaad | vichar-vimarsh | vaarta","Charcha is familiar and elegant for meetings, classes, and family decisions.","discussion or deliberation","Charcha shabd ka prayog karte hue kisi vishay ka ullekh kijiye.","discussion | meetings | learning"
"vishay","topic","vishay","Aaj ka topic bahut interesting hai.","Aaj ka vishay bahut rochak hai.","Aupacharik samvaad mein vishay shabd ka prayog sarvatha uchit evam sarthak prateet hota hai.","easy","mudda | prasang | adhyay","Vishay is a clean replacement for topic in most Hindi conversations.","topic or subject","Vishay shabd ke saath kisi charcha ka aarambh kijiye.","topic | learning | clarity"
"rochak","interesting","rochak","Yeh kahani interesting hai.","Yeh kahani rochak hai.","Aupacharik samvaad mein rochak shabd ka prayog sarvatha uchit evam sarthak prateet hota hai.","easy","dilchasp | manohar | akarshak","Rochak is lively but still elegant; it works well for stories and ideas.","interesting or engaging","Rochak shabd ka prayog karte hue kisi kahani ya vichaar ka varnan kijiye.","interest | stories | expression"
"mahatvapurn","important","mahatvapurn","Yeh meeting important hai.","Yeh baithak mahatvapurn hai.","Aupacharik samvaad mein mahatvapurn shabd ka prayog sarvatha uchit evam sarthak prateet hota hai.","easy","avashyak | pramukh | mool","Mahatvapurn is useful when you want emphasis without exaggeration.","important or significant","Mahatvapurn shabd ka prayog karte hue kisi prathamikta ko batayiye.","importance | professional | planning"
"pramukh","main","pramukh","Yeh hamara main goal hai.","Yeh hamara pramukh lakshya hai.","Aupacharik samvaad mein pramukh shabd ka prayog sarvatha uchit evam sarthak prateet hota hai.","easy","mukhya | mool | kendriya","Pramukh helps replace English-mixed main while keeping the sentence concise.","main, chief, or primary","Pramukh shabd ke saath apni kisi priority ka vaakya banaiye.","priority | planning | professional"
"lakshya","goal","lakshya","Mera goal Hindi sudhaarna hai.","Mera lakshya Hindi sudhaarna hai.","Aupacharik samvaad mein lakshya shabd ka prayog sarvatha uchit evam sarthak prateet hota hai.","easy","uddeshya | manzil | dhyey","Lakshya feels purposeful and is common in aspirational speech.","goal or objective","Apne kisi lakshya ko ek prernaadayak vaakya mein kahiye.","goals | motivation | self improvement"
"uddeshya","purpose","uddeshya","Is kaam ka purpose kya hai?","Is karya ka uddeshya kya hai?","Aupacharik samvaad mein uddeshya shabd ka prayog sarvatha uchit evam sarthak prateet hota hai.","medium","maqsad | prayojan | lakshya","Uddeshya adds depth when explaining why something matters.","purpose or intent","Uddeshya shabd ka prayog karte hue kisi kaam ka kaaran batayiye.","purpose | clarity | reflection"
"parinaam","result","parinaam","Iska result achchha aaya.","Iska parinaam achchha aaya.","Aupacharik samvaad mein parinaam shabd ka prayog sarvatha uchit evam sarthak prateet hota hai.","easy","natija | phal | prabhav","Parinaam is elegant and familiar, especially for outcomes and consequences.","result or outcome","Parinaam shabd ka prayog karte hue kisi kriya ka asar batayiye.","results | consequence | professional"
"prabhav","impact","prabhav","Is decision ka impact bada hoga.","Is nirnay ka prabhav bada hoga.","Aupacharik samvaad mein prabhav shabd ka prayog sarvatha uchit evam sarthak prateet hota hai.","medium","asar | parinaam | prerak bal","Prabhav is strong but natural, useful for decisions and communication.","impact, influence, or effect","Prabhav shabd ka prayog karke kisi nirnay ke asar ko kahiye.","impact | decision | professional"
"sambandh","relation","sambandh","Is baat ka hamare kaam se relation hai.","Is baat ka hamare karya se sambandh hai.","Aupacharik samvaad mein sambandh shabd ka prayog sarvatha uchit evam sarthak prateet hota hai.","easy","rishta | jod | nataa","Sambandh neatly expresses connection between ideas, people, or topics.","relationship or connection","Sambandh shabd ka prayog karte hue do baaton ko jodiye.","connection | ideas | communication"
"vishwas","trust","vishwas","Mujhe aap par trust hai.","Mujhe aap par vishwas hai.","Aupacharik samvaad mein vishwas shabd ka prayog sarvatha uchit evam sarthak prateet hota hai.","easy","bharosa | aastha | shraddha","Vishwas is warm, direct, and suitable for personal or professional trust.","trust or belief","Vishwas shabd ka prayog karte hue ek sakaratmak vaakya kahiye.","trust | relationships | positive"
"aadar","respect","aadar","Main aapki mehnat ka respect karta hoon.","Main aapki mehnat ka aadar karta hoon.","Aupacharik samvaad mein aadar shabd ka prayog sarvatha uchit evam sarthak prateet hota hai.","easy","samman | maan | shraddha","Aadar is slightly softer than samman and works well for sincere appreciation.","respect or regard","Aadar shabd ka prayog karke kisi ki mehnat ko sarahiye.","respect | relationships | appreciation"
"samman","izzat","samman","Humein sabki izzat karni chahiye.","Humein sabka samman karna chahiye.","Aupacharik samvaad mein samman shabd ka prayog sarvatha uchit evam sarthak prateet hota hai.","easy","aadar | maan | gaurav","Samman is dignified and widely understood in everyday speech.","honor or respect","Samman shabd ke saath ek samvedansheel vaakya kahiye.","respect | values | daily speech"
"sanyam","control","sanyam","Gusse mein control rakhna chahiye.","Gusse mein sanyam rakhna chahiye.","Aupacharik samvaad mein sanyam shabd ka prayog sarvatha uchit evam sarthak prateet hota hai.","medium","niyantran | dhairya | santulan","Sanyam is elegant for emotional balance and disciplined conduct.","restraint, composure, or self-control","Sanyam shabd ka prayog karte hue kisi kathin pal ka varnan kijiye.","emotion | discipline | values"
"dhairya","patience","dhairya","Is kaam mein patience chahiye.","Is karya mein dhairya chahiye.","Aupacharik samvaad mein dhairya shabd ka prayog sarvatha uchit evam sarthak prateet hota hai.","easy","sabr | sahan-shakti | sanyam","Dhairya feels steady and thoughtful, especially during challenges.","patience or calm endurance","Dhairya shabd ka prayog karte hue ek shaant salah dijiye.","patience | challenge | values"
"sahas","himmat","sahas","Sach bolne ke liye himmat chahiye.","Sach bolne ke liye sahas chahiye.","Aupacharik samvaad mein sahas shabd ka prayog sarvatha uchit evam sarthak prateet hota hai.","easy","himmat | veerata | nirbhayata","Sahas gives courage a dignified, inspiring tone.","courage","Sahas shabd ka prayog karte hue kisi sahi nirnay ka zikr kijiye.","courage | values | motivation"
"zimmedari","responsibility","zimmedari","Yeh meri responsibility hai.","Yeh meri zimmedari hai.","Aupacharik samvaad mein zimmedari shabd ka prayog sarvatha uchit evam sarthak prateet hota hai.","easy","uttardayitva | kartavya | farz","Zimmedari is natural, strong, and useful for ownership.","responsibility or accountability","Zimmedari shabd ka prayog karte hue apni bhumika batayiye.","responsibility | work | values"
"vinamra","polite","vinamra","Aapka tone polite tha.","Aapka swar vinamra tha.","Aupacharik samvaad mein vinamra shabd ka prayog sarvatha uchit evam sarthak prateet hota hai.","easy","namra | sabhya | shisht","Vinamra is excellent for describing tone, requests, and behavior.","polite or humble","Vinamra shabd ka prayog karte hue ek nivedan kijiye.","politeness | tone | requests"
"sabhya","decent","sabhya","Unka vyavahar decent tha.","Unka vyavahar sabhya tha.","Aupacharik samvaad mein sabhya shabd ka prayog sarvatha uchit evam sarthak prateet hota hai.","medium","shisht | sanskari | vinamra","Sabhya describes conduct that is courteous and socially graceful.","civil, courteous, or refined","Sabhya shabd ke saath achchhe vyavahar ka vaakya banaiye.","conduct | politeness | values"
"vyavahar","behavior","vyavahar","Unka behavior bahut achchha hai.","Unka vyavahar bahut achchha hai.","Aupacharik samvaad mein vyavahar shabd ka prayog sarvatha uchit evam sarthak prateet hota hai.","easy","aacharan | bartav | ravayya","Vyavahar is common and refined, useful for personal and social settings.","behavior or conduct","Vyavahar shabd ka prayog karte hue kisi gun ka varnan kijiye.","conduct | relationships | daily speech"
"parivartan","change","parivartan","Humein system mein change chahiye.","Humein vyavastha mein parivartan chahiye.","Aupacharik samvaad mein parivartan shabd ka prayog sarvatha uchit evam sarthak prateet hota hai.","easy","badlav | rupantaran | sanshodhan","Parivartan sounds constructive, especially for improvement and reform.","change or transformation","Parivartan shabd ka prayog karke kisi sudhaar ka zikr kijiye.","change | improvement | planning"
"sudhaar","improvement","sudhaar","Is sentence mein improvement ho sakti hai.","Is vaakya mein sudhaar ho sakta hai.","Aupacharik samvaad mein sudhaar shabd ka prayog sarvatha uchit evam sarthak prateet hota hai.","easy","unnati | sansthan | behtari","Sudhaar is supportive and practical; it fits the app's aspirational tone.","improvement or correction","Sudhaar shabd ka prayog karte hue ek rachanatmak vaakya kahiye.","improvement | learning | feedback"
"unnati","progress","unnati","Aapki Hindi mein progress dikh rahi hai.","Aapki Hindi mein unnati dikh rahi hai.","Aupacharik samvaad mein unnati shabd ka prayog sarvatha uchit evam sarthak prateet hota hai.","easy","pragati | vikas | sudhaar","Unnati has an aspirational quality and works beautifully for learning.","progress or advancement","Unnati shabd ka prayog karte hue apni seekh par vaakya kahiye.","progress | learning | motivation"
"yojana","plan","yojana","Hamari plan simple hai.","Hamari yojana saral hai.","Aupacharik samvaad mein yojana shabd ka prayog sarvatha uchit evam sarthak prateet hota hai.","easy","rananeeti | vidhi | karyakram","Yojana is a natural Hindi replacement for plan in everyday contexts.","plan or scheme","Yojana shabd ka prayog karte hue agle kadam ka varnan kijiye.","planning | work | daily speech"
"disha","direction","disha","Team ko direction chahiye.","Team ko spasht disha chahiye.","Aupacharik samvaad mein disha shabd ka prayog sarvatha uchit evam sarthak prateet hota hai.","easy","marg | raah | nirdesh","Disha is concise and graceful for guidance, planning, or purpose.","direction or guiding path","Disha shabd ka prayog karte hue kisi margdarshan par vaakya kahiye.","guidance | planning | leadership"
"margdarshan","guidance","margdarshan","Mujhe aapki guidance chahiye.","Mujhe aapka margdarshan chahiye.","Aupacharik samvaad mein margdarshan shabd ka prayog sarvatha uchit evam sarthak prateet hota hai.","medium","salah | disha | paramarsh","Margdarshan is respectful and warm when seeking advice from someone experienced.","guidance or direction","Margdarshan maangte hue ek vinamra vaakya kahiye.","guidance | respect | learning"
"paramarsh","advice","paramarsh","Mujhe aapki advice chahiye.","Mujhe aapka paramarsh chahiye.","Aupacharik samvaad mein paramarsh shabd ka prayog sarvatha uchit evam sarthak prateet hota hai.","medium","salah | sujhav | margdarshan","Paramarsh is more formal than salah and suits thoughtful or expert advice.","counsel or considered advice","Paramarsh shabd ka prayog karte hue kisi se salah maangiye.","advice | formal | learning"
"santulan","balance","santulan","Kaam aur aaraam ka balance zaroori hai.","Kaam aur aaraam ka santulan avashyak hai.","Aupacharik samvaad mein santulan shabd ka prayog sarvatha uchit evam sarthak prateet hota hai.","medium","samanjasya | sanyam | santushti","Santulan is elegant and useful for lifestyle, tone, and judgment.","balance or equilibrium","Santulan shabd ka prayog karte hue jeevan ya kaam par vaakya kahiye.","balance | life | reflection"
"abhivyakti","expression","abhivyakti","Aapki expression clear hai.","Aapki abhivyakti spasht hai.","Aupacharik samvaad mein abhivyakti shabd ka prayog sarvatha uchit evam sarthak prateet hota hai.","medium","prakatikaran | vyakti | bolne ka dhang","Abhivyakti is central to elegant speech and works well for language learning.","expression or articulation","Abhivyakti shabd ka prayog karte hue bhasha ke mahatva par vaakya kahiye.","expression | language | learning"
"upyogi","helpful","upyogi","Yeh tip helpful hai.","Yeh sujhav upyogi hai.","Aupacharik samvaad mein upyogi shabd ka prayog sarvatha uchit evam sarthak prateet hota hai.","easy","laabhdayak | sahayak | kaam ka","Upyogi is a crisp upgrade for helpful, especially in practical contexts.","useful or helpful","Upyogi shabd ka prayog karte hue kisi salah ki prashansa kijiye.","useful | advice | positive"
"sarthak","meaningful","sarthak","Aaj ki baatcheet meaningful thi.","Aaj ka samvaad sarthak tha.","Aupacharik samvaad mein sarthak shabd ka prayog sarvatha uchit evam sarthak prateet hota hai.","medium","arthapurn | moolyavaan | upayogi","Sarthak feels refined and heartfelt when describing time, work, or conversation.","meaningful or worthwhile","Sarthak shabd ka prayog karte hue kisi anubhav ko varnit kijiye.","meaning | reflection | positive"
