id,usual_word_dev,usual_word_roman,transformed_word_dev,transformed_word_roman,english_meaning,everyday_sentence_dev,everyday_sentence_roman,improved_sentence_1_dev,improved_sentence_1_roman,improved_sentence_2_dev,improved_sentence_2_roman,synonyms_dev,synonyms_roman,usage_note,challenge_prompt,tags,difficulty
1,काम,kaam,कार्य,karya,"work, task, or purposeful action","आज का काम थोड़ा ज़्यादा है, पर शाम तक हो जाएगा।","Aaj ka kaam thoda zyada hai, par shaam tak ho jayega.","आज कार्य थोड़ा अधिक है, पर शाम तक पूरा हो जाएगा।","Aaj karya thoda adhik hai, par shaam tak poora ho jayega.","आज कार्य-भार अधिक अवश्य है, फिर भी इसे संध्या तक संपन्न कर लेंगे।","Aaj karya-bhaar adhik avashya hai, phir bhi ise sandhya tak sampann kar lenge.",कर्तव्य | प्रयोजन | श्रम,kartavya | prayojan | shram,"Karya gives ordinary work a composed, purposeful tone without sounding heavy.",Aaj ke kisi mahatvapurn karya par ek spasht vaakya banaiye.,work | daily speech | professional,easy
2,कोशिश,koshish,प्रयास,prayas,effort or attempt,"मैं कल से कोशिश कर रहा हूँ, आज शायद बात बन जाए।","Main kal se koshish kar raha hoon, aaj shayad baat ban jaaye.","मैंने कल से प्रयास जारी रखा है, आज शायद बात बन जाए।","Maine kal se prayas jaari rakha hai, aaj shayad baat ban jaaye.","मेरा प्रयास निरंतर रहा है; संभव है आज इसका सुखद परिणाम मिले।",Mera prayas nirantar raha hai; sambhav hai aaj iska sukhad parinaam mile.,यत्न | मेहनत | चेष्टा,yatna | mehnat | chesta,"Prayas is graceful in speech and writing, especially when describing sincere effort.",Kisi aise prayas ka zikr kijiye jisse aapko sudhaar mehsoos hua.,effort | self improvement | daily speech,easy
3,जल्दी,jaldi,शीघ्र,sheeghra,"soon, quickly, or without delay","ज़रा जल्दी बता देना, मुझे निकलना भी है।","Zara jaldi bata dena, mujhe nikalna bhi hai.","कृपया शीघ्र बता दीजिए, मुझे निकलना भी है।","Kripya sheeghra bata dijiye, mujhe nikalna bhi hai.","कृपया शीघ्र सूचित करें, क्योंकि मुझे प्रस्थान भी करना है।","Kripya sheeghra suchit karein, kyunki mujhe prasthaan bhi karna hai.",तुरंत | तत्काल | अविलंब,turant | tatkaal | avilamb,Sheeghra feels courteous and precise; use it when speed matters but the tone should stay calm.,Sheeghra shabd ka prayog karte hue kisi vinamra nivedan ka vaakya kahiye.,time | polite speech | requests,easy
4,मतलब,matlab,अर्थ,arth,meaning or significance,"अच्छा, तुम्हारी इस बात का मतलब क्या है?","Achchha, tumhari is baat ka matlab kya hai?","अच्छा, आपकी इस बात का अर्थ क्या है?","Achchha, aapki is baat ka arth kya hai?","कृपया स्पष्ट कीजिए, आपके कथन का वास्तविक अर्थ क्या है?","Kripya spasht kijiye, aapke kathan ka vaastavik arth kya hai?",मायने | भाव | तात्पर्य,maayne | bhaav | tatparya,"Arth is concise and elegant, useful whenever you are clarifying meaning.",Arth shabd ka prayog karte hue kisi vichaar ko samjhaiye.,meaning | clarity | conversation,easy
5,यानी,yaani,अर्थात्,arthaat,"that is, namely, or in other words","यानी कल सबको थोड़ा जल्दी आना है, ठीक?","Yaani kal sabko thoda jaldi aana hai, theek?","अर्थात् कल सबको थोड़ा शीघ्र आना है, सही?","Arthaat kal sabko thoda sheeghra aana hai, sahi?","अर्थात् सभी को कल निर्धारित समय से पूर्व उपस्थित होना है, है न?","Arthaat sabhi ko kal nirdharit samay se poorv upasthit hona hai, hai na?",यानी | तात्पर्य यह है | इस अर्थ में,yaani | tatparya yeh hai | is arth mein,Arthaat is best for explaining or restating a point with poise.,Arthaat ka prayog karke kisi baat ko aur spasht kijiye.,clarity | explanation | formal,medium
6,सोच,soch,विचार,vichaar,"thought, idea, or considered view",मेरी सोच यह है कि पहले छोटा-सा trial कर लेते हैं।,Meri soch yeh hai ki pehle chhota sa trial kar lete hain.,मेरा विचार है कि पहले एक छोटा परीक्षण कर लेते हैं।,Mera vichaar hai ki pehle ek chhota parikshan kar lete hain.,मेरा विचार है कि पूर्ण क्रियान्वयन से पहले सीमित स्तर पर परीक्षण उचित रहेगा।,Mera vichaar hai ki poorn kriyanvayan se pehle seemit star par parikshan uchit rahega.,राय | मनन | दृष्टि,raay | manan | drishti,"Vichaar sounds mature and reflective, especially for opinions and ideas.",Kisi vishay par apna vichaar ek santulit vaakya mein kahiye.,ideas | opinion | reflection,easy
7,नज़रिया,nazariya,दृष्टिकोण,drishtikon,perspective or point of view,"मैं तुम्हारा नज़रिया समझ रहा हूँ, बस एक चिंता है।","Main tumhara nazariya samajh raha hoon, bas ek chinta hai.","मैं आपका दृष्टिकोण समझ रहा हूँ, केवल एक चिंता है।","Main aapka drishtikon samajh raha hoon, keval ek chinta hai.",मैं आपके दृष्टिकोण का सम्मान करता हूँ; तथापि एक बिंदु पर मेरी चिंता बनी हुई है।,Main aapke drishtikon ka samman karta hoon; tathapi ek bindu par meri chinta bani hui hai.,दृष्टि | राय | परिप्रेक्ष्य,drishti | raay | pariprekshya,Drishtikon is ideal for thoughtful discussions where perspective matters.,Apne drishtikon ko ek vinamra vaakya mein vyakt kijiye.,perspective | discussion | professional,medium
8,सही,sahi,उचित,uchit,"appropriate, proper, or suitable",अभी phone करना सही रहेगा या थोड़ा रुक जाऊँ?,Abhi phone karna sahi rahega ya thoda ruk jaaun?,अभी phone करना उचित रहेगा या कुछ देर प्रतीक्षा करूँ?,Abhi phone karna uchit rahega ya kuch der pratiksha karoon?,"क्या इस समय संपर्क करना उचित होगा, अथवा मुझे कुछ समय प्रतीक्षा करनी चाहिए?","Kya is samay sampark karna uchit hoga, athva mujhe kuch samay pratiksha karni chahiye?",उपयुक्त | ठीक | अनुकूल,upayukt | theek | anukul,Uchit adds tact when you want to say something is right or suitable.,Uchit shabd ka prayog karke kisi salah ka vaakya banaiye.,judgment | advice | polite speech,easy
9,ज़रूरी,zaroori,आवश्यक,avashyak,necessary or essential,"कल आना ज़रूरी है क्या, या online हो जाएगा?","Kal aana zaroori hai kya, ya online ho jayega?","क्या कल आना आवश्यक है, या काम online हो जाएगा?","Kya kal aana avashyak hai, ya kaam online ho jayega?","क्या कल व्यक्तिगत रूप से उपस्थित होना आवश्यक है, अथवा कार्य online संपन्न हो सकता है?","Kya kal vyaktigat roop se upasthit hona avashyak hai, athva karya online sampann ho sakta hai?",अनिवार्य | महत्वपूर्ण | अपरिहार्य,anivarya | mahatvapurn | aparihaarya,Avashyak sounds clear and composed without becoming too formal.,Kisi avashyak kaam ke baare mein ek seedha vaakya kahiye.,importance | clarity | daily speech,easy
10,मदद,madad,सहायता,sahayata,help or assistance,"एक minute, इस form में तुम्हारी मदद चाहिए।","Ek minute, is form mein tumhari madad chahiye.","एक क्षण, इस form को भरने में आपकी सहायता चाहिए।","Ek kshan, is form ko bharne mein aapki sahayata chahiye.",कृपया इस प्रपत्र को पूरा करने में मेरी सहायता करें; एक बिंदु स्पष्ट नहीं है।,Kripya is prapatra ko poora karne mein meri sahayata karein; ek bindu spasht nahi hai.,मदद | सहयोग | समर्थन,madad | sahyog | samarthan,Sahayata keeps a request respectful and elegant.,Sahayata maangte hue ek vinamra vaakya taiyar kijiye.,help | requests | polite speech,easy
11,प्रॉब्लम,problem,समस्या,samasya,"problem, issue, or difficulty","यार, login में फिर problem आ रही है।","Yaar, login mein phir problem aa rahi hai.",Login में फिर से एक समस्या आ रही है।,Login mein phir se ek samasya aa rahi hai.,प्रवेश करते समय समस्या पुनः उत्पन्न हो रही है; कृपया तकनीकी जाँच कर दें।,Pravesh karte samay samasya punah utpann ho rahi hai; kripya takneeki jaanch kar dein.,परेशानी | दिक्कत | विघ्न,pareshani | dikkat | vighn,Samasya replaces English-mixed phrasing cleanly while staying common in spoken Hindi.,Kisi chhoti samasya ko shaant bhaav se varnit kijiye.,problem solving | professional | daily speech,easy
12,सॉल्यूशन,solution,समाधान,samadhan,solution or resolution,"चलो, इस दिक्कत का कोई simple solution ढूँढते हैं।","Chalo, is dikkat ka koi simple solution dhoondhte hain.","आइए, इस समस्या का कोई सरल समाधान ढूँढते हैं।","Aaiye, is samasya ka koi saral samadhan dhoondhte hain.","आइए, इस समस्या का व्यावहारिक समाधान तलाशें, जिसे तुरंत अपनाया जा सके।","Aaiye, is samasya ka vyavaharik samadhan talaashein, jise turant apnaya ja sake.",हल | उपाय | निवारण,hal | upay | nivarana,"Samadhan is natural in meetings, planning, and thoughtful conversation.",Samadhan shabd ka prayog karte hue kisi upay ka vaakya kahiye.,problem solving | professional | clarity,easy
13,क्लियर,clear,स्पष्ट,spasht,"clear, evident, or explicit","अब तुम्हारी बात clear है, पहले थोड़ी उलझन थी।","Ab tumhari baat clear hai, pehle thodi uljhan thi.","अब आपकी बात स्पष्ट है, पहले थोड़ी उलझन थी।","Ab aapki baat spasht hai, pehle thodi uljhan thi.",अब आपका दृष्टिकोण पूरी तरह स्पष्ट है; आरंभ में कुछ अस्पष्टता थी।,Ab aapka drishtikon poori tarah spasht hai; aarambh mein kuch aspashtata thi.,साफ़ | प्रकट | सुगम,saaf | prakat | sugam,Spasht is a useful everyday upgrade for clarity without sounding stiff.,Spasht shabd ke saath kisi nirdesh ya vichaar ko kahiye.,clarity | communication | professional,easy
14,कन्फ़्यूज़न,confusion,अस्पष्टता,aspashtata,lack of clarity or ambiguity,"इस message में थोड़ी confusion है, date समझ नहीं आ रही।","Is message mein thodi confusion hai, date samajh nahi aa rahi.","इस संदेश में कुछ अस्पष्टता है, तारीख़ समझ नहीं आ रही।","Is sandesh mein kuch aspashtata hai, tareekh samajh nahi aa rahi.",संदेश में तारीख़ को लेकर अस्पष्टता है; कृपया निश्चित दिनांक बता दें।,Sandesh mein tareekh ko lekar aspashtata hai; kripya nishchit dinank bata dein.,उलझन | असमंजस | संदिग्धता,uljhan | asmanjas | sandigdhata,"Aspashtata names confusion gracefully, especially when you want to stay diplomatic.",Aspashtata door karne ke liye ek vinamra vaakya banaiye.,clarity | meetings | professional,medium
15,फ़ैसला,faisla,निर्णय,nirnay,decision,"तो, आज final फ़ैसला कर लें या कल तक रुकें?","Toh, aaj final faisla kar lein ya kal tak rukein?","तो, आज अंतिम निर्णय लें या कल तक प्रतीक्षा करें?","Toh, aaj antim nirnay lein ya kal tak pratiksha karein?","क्या हम आज ही अंतिम निर्णय लें, अथवा विचार के लिए कल तक का समय रखें?","Kya hum aaj hi antim nirnay lein, athva vichaar ke liye kal tak ka samay rakhein?",फ़ैसला | निश्चय | तय,faisla | nishchay | tay,Nirnay is elegant and common enough for everyday formal speech.,Nirnay shabd ka prayog karte hue ek sthir vaakya kahiye.,decision | planning | professional,easy
16,टाइम,time,समय,samay,time,"आज time कम है, बाक़ी बात शाम को करते हैं।","Aaj time kam hai, baaki baat shaam ko karte hain.","आज समय कम है, शेष बात शाम को करते हैं।","Aaj samay kam hai, shesh baat shaam ko karte hain.",आज समय सीमित है; अतः शेष चर्चा संध्या में करना उचित रहेगा।,Aaj samay seemit hai; atah shesh charcha sandhya mein karna uchit rahega.,वक़्त | अवसर | घड़ी,waqt | avasar | ghadi,Samay is one of the easiest upgrades from English-mixed everyday Hindi.,Samay ka samman dikhate hue ek chhota vaakya kahiye.,time | daily speech | planning,easy
17,मौका,mauka,अवसर,avasar,opportunity or occasion,अगली बार मुझे भी बोलने का मौका देना।,Agli baar mujhe bhi bolne ka mauka dena.,अगली बार मुझे भी बोलने का अवसर दीजिए।,Agli baar mujhe bhi bolne ka avasar dijiye.,अगली बैठक में मुझे भी अपना दृष्टिकोण रखने का अवसर प्रदान कीजिए।,Agli baithak mein mujhe bhi apna drishtikon rakhne ka avasar pradaan kijiye.,मौका | संधि | अवकाश,mauka | sandhi | avkaash,Avasar sounds optimistic and cultured while staying easy to understand.,Kisi naye avasar ke baare mein ek utsaahbhara vaakya kahiye.,opportunity | growth | positive,easy
18,पॉसिबल,possible,संभव,sambhav,possible or feasible,थोड़ा time मिले तो यह काम possible है।,Thoda time mile toh yeh kaam possible hai.,थोड़ा समय मिले तो यह कार्य संभव है।,Thoda samay mile toh yeh karya sambhav hai.,"यदि कुछ अतिरिक्त समय मिले, तो इस कार्य को गुणवत्ता के साथ पूरा करना संभव है।","Yadi kuch atirikt samay mile, toh is karya ko gunvatta ke saath poora karna sambhav hai.",मुमकिन | शक्य | हो सकता है,mumkin | sakya | ho sakta hai,Sambhav keeps the sentence Hindi-forward and confident.,Sambhav shabd ka prayog karte hue kisi yojana par vaakya banaiye.,planning | confidence | professional,easy
19,इम्पॉसिबल,impossible,असंभव,asambhav,impossible or not feasible,"आज ही सब करना impossible है, कल सुबह तक दे दो।","Aaj hi sab karna impossible hai, kal subah tak de do.","आज ही सब पूरा करना असंभव है, कल सुबह तक का समय दीजिए।","Aaj hi sab poora karna asambhav hai, kal subah tak ka samay dijiye.",संपूर्ण कार्य आज ही संपन्न करना असंभव है; कृपया कल प्रातः तक की अवधि दें।,Sampoorna karya aaj hi sampann karna asambhav hai; kripya kal pratah tak ki avadhi dein.,नामुमकिन | दुर्लभ | दुष्कर,namumkin | durlabh | dushkar,Asambhav is direct but composed; pair it with a reason for a softer tone.,Asambhav shabd ka prayog karte hue ek vinamra seema batayiye.,limits | planning | professional,medium
20,सजेशन,suggestion,सुझाव,sujhav,suggestion or recommendation,एक suggestion दूँ? पहले customer से पूछ लेते हैं।,Ek suggestion doon? Pehle customer se pooch lete hain.,एक सुझाव दूँ? पहले ग्राहक से पूछ लेते हैं।,Ek sujhav doon? Pehle grahak se pooch lete hain.,मेरा सुझाव है कि निर्णय से पूर्व ग्राहक की अपेक्षाएँ स्पष्ट रूप से जान ली जाएँ।,Mera sujhav hai ki nirnay se poorv grahak ki apekshaen spasht roop se jaan li jaayen.,सलाह | परामर्श | राय,salah | paramarsh | raay,Sujhav sounds collaborative and clear in group conversations.,Sujhav dete hue ek sahaj aur vinamra vaakya kahiye.,advice | collaboration | professional,easy
21,जवाब,jawab,उत्तर,uttar,answer or response,"मैंने कल पूछा था, अभी तक जवाब नहीं आया।","Maine kal poocha tha, abhi tak jawab nahi aaya.","मैंने कल प्रश्न भेजा था, अभी तक उत्तर नहीं आया।","Maine kal prashn bheja tha, abhi tak uttar nahi aaya.","मैंने कल प्रश्न प्रेषित किया था, परंतु अभी तक कोई उत्तर प्राप्त नहीं हुआ।","Maine kal prashn preshit kiya tha, parantu abhi tak koi uttar praapt nahi hua.",प्रतिक्रिया | जवाब | समाधान,pratikriya | jawab | samadhan,Uttar is especially good when asking or responding politely.,Uttar shabd ka prayog karte hue ek prashn ka sandarbh dijiye.,response | communication | polite speech,easy
22,सवाल,sawaal,प्रश्न,prashn,question,एक सवाल है — यह rule सब पर लगेगा क्या?,Ek sawaal hai — yeh rule sab par lagega kya?,एक प्रश्न है — क्या यह नियम सब पर लागू होगा?,Ek prashn hai — kya yeh niyam sab par lagu hoga?,मेरा एक प्रश्न है: क्या यह नियम बिना किसी अपवाद के सभी पर लागू होगा?,Mera ek prashn hai: kya yeh niyam bina kisi apavaad ke sabhi par lagu hoga?,सवाल | जिज्ञासा | पूछताछ,sawaal | jigyasa | puchh-taach,"Prashn is familiar, clean, and suitable for classrooms, meetings, and talks.",Prashn shabd ka prayog karte hue ek vinamra sawaal poochhiye.,questions | learning | communication,easy
23,बहुत अच्छा,bahut achchha,उत्तम,uttam,excellent or very good,"वाह, तुमने बहुत अच्छा काम किया है!","Wah, tumne bahut achchha kaam kiya hai!","वाह, आपने उत्तम कार्य किया है!","Wah, aapne uttam karya kiya hai!",आपका कार्य वास्तव में उत्तम है; इसमें परिश्रम और सूक्ष्मता दोनों दिखते हैं।,Aapka karya vaastav mein uttam hai; ismein parishram aur sookshmata dono dikhte hain.,श्रेष्ठ | बढ़िया | सर्वोत्तम,shreshth | badhiya | sarvottam,Uttam is appreciative and refined; use it for genuine praise.,Uttam shabd ka prayog karte hue kisi ka sarahniya kaam batayiye.,praise | positive | daily speech,easy
24,अच्छा,achchha,सुंदर,sundar,"beautiful, graceful, or pleasant","तुमने बहुत अच्छा समझाया, सबको बात समझ आ गई।","Tumne bahut achchha samjhaya, sabko baat samajh aa gayi.","आपने बहुत सुंदर ढंग से समझाया, सबको बात समझ आ गई।","Aapne bahut sundar dhang se samjhaya, sabko baat samajh aa gayi.",आपकी सुंदर और सुगम व्याख्या से विषय सभी के लिए पूरी तरह स्पष्ट हो गया।,Aapki sundar aur sugam vyakhya se vishay sabhi ke liye poori tarah spasht ho gaya.,मनोहर | रमणीय | सुरुचिपूर्ण,manohar | ramaniya | suruchipurn,"Sundar can praise words, ideas, or gestures, not only appearance.",Sundar shabd ka prayog karke kisi vichaar ki prashansa kijiye.,praise | expression | positive,easy
25,ईज़ी,easy,सहज,sahaj,"easy, natural, or effortless","App use करना easy है, mummy भी चला लेती हैं।","App use karna easy hai, mummy bhi chala leti hain.","App का उपयोग सहज है, mummy भी इसे चला लेती हैं।","App ka upyog sahaj hai, mummy bhi ise chala leti hain.",इस app का उपयोग इतना सहज है कि तकनीक से कम परिचित व्यक्ति भी इसे आसानी से चला सकता है।,Is app ka upyog itna sahaj hai ki takneek se kam parichit vyakti bhi ise aasani se chala sakta hai.,सरल | सुगम | स्वाभाविक,saral | sugam | swabhavik,Sahaj is warmer than easy and suggests natural simplicity.,Sahaj shabd ka prayog karte hue kisi prakriya ko varnit kijiye.,ease | process | daily speech,easy
26,मुश्किल,mushkil,कठिन,kathin,difficult or demanding,"यह chapter थोड़ा मुश्किल है, साथ में पढ़ते हैं।","Yeh chapter thoda mushkil hai, saath mein padhte hain.","यह अध्याय थोड़ा कठिन है, आइए साथ में पढ़ते हैं।","Yeh adhyay thoda kathin hai, aaiye saath mein padhte hain.","यह अध्याय कठिन अवश्य है, पर साथ मिलकर पढ़ेंगे तो समझना सुगम होगा।","Yeh adhyay kathin avashya hai, par saath milkar padhenge toh samajhna sugam hoga.",दुष्कर | कष्टकर | जटिल,dushkar | kashtkar | jatil,Kathin is clear and balanced; it names difficulty without sounding dramatic.,Kathin shabd ka prayog karte hue kisi chunauti par vaakya kahiye.,difficulty | challenge | daily speech,easy
27,इरादा,iraada,संकल्प,sankalp,resolve or firm intention,इस साल मेरा इरादा रोज़ आधा घंटा पढ़ने का है।,Is saal mera iraada roz aadha ghanta padhne ka hai.,इस वर्ष मेरा संकल्प रोज़ आधा घंटा पढ़ने का है।,Is varsh mera sankalp roz aadha ghanta padhne ka hai.,इस वर्ष मैंने प्रतिदिन आधा घंटा अध्ययन करने का दृढ़ संकल्प लिया है।,Is varsh maine pratidin aadha ghanta adhyayan karne ka dridh sankalp liya hai.,निश्चय | प्रतिज्ञा | दृढ़ इच्छा,nishchay | pratigya | dridh ichchha,Sankalp adds strength and dignity when speaking about commitment.,Apne kisi sankalp ko ek saaf vaakya mein vyakt kijiye.,commitment | self improvement | motivation,medium
28,एक्सपीरियंस,experience,अनुभव,anubhav,experience,Trip कैसी थी? मेरा experience तो काफ़ी अच्छा रहा।,Trip kaisi thi? Mera experience toh kaafi achchha raha.,यात्रा कैसी थी? मेरा अनुभव काफ़ी अच्छा रहा।,Yatra kaisi thi? Mera anubhav kaafi achchha raha.,यात्रा मेरे लिए अत्यंत सुखद अनुभव रही; मैंने बहुत कुछ नया भी सीखा।,Yatra mere liye atyant sukhad anubhav rahi; maine bahut kuch naya bhi seekha.,तजुर्बा | अनुभूति | ज्ञान,tajurba | anubhuti | gyaan,Anubhav is natural in both personal reflection and professional settings.,Kisi yaadgaar anubhav ke baare mein ek vaakya kahiye.,experience | reflection | daily speech,easy
29,बातचीत,baatcheet,संवाद,samvaad,dialogue or meaningful conversation,इस बात पर शांत होकर बातचीत कर लेते हैं।,Is baat par shaant hokar baatcheet kar lete hain.,इस विषय पर शांत होकर संवाद कर लेते हैं।,Is vishay par shaant hokar samvaad kar lete hain.,मतभेद दूर करने के लिए इस विषय पर शांत और खुला संवाद करना उचित रहेगा।,Matbhed door karne ke liye is vishay par shaant aur khula samvaad karna uchit rahega.,वार्ता | बातचीत | चर्चा,vaarta | baatcheet | charcha,"Samvaad suggests respectful exchange, not just casual talking.",Samvaad shabd ka prayog karke kisi zaroori baatcheet ka zikr kijiye.,conversation | respect | collaboration,medium
30,डिस्कशन,discussion,चर्चा,charcha,discussion or deliberation,कल meeting में budget पर discussion करेंगे।,Kal meeting mein budget par discussion karenge.,कल बैठक में budget पर चर्चा करेंगे।,Kal baithak mein budget par charcha karenge.,कल की बैठक में budget के प्रमुख बिंदुओं पर विस्तार से चर्चा की जाएगी।,Kal ki baithak mein budget ke pramukh binduon par vistaar se charcha ki jayegi.,संवाद | विचार-विमर्श | वार्ता,samvaad | vichar-vimarsh | vaarta,"Charcha is familiar and elegant for meetings, classes, and family decisions.",Charcha shabd ka prayog karte hue kisi vishay ka ullekh kijiye.,discussion | meetings | learning,easy
31,टॉपिक,topic,विषय,vishay,topic or subject,"आज का topic थोड़ा serious है, ध्यान से सुनना।","Aaj ka topic thoda serious hai, dhyaan se sunna.","आज का विषय थोड़ा गंभीर है, ध्यान से सुनिए।","Aaj ka vishay thoda gambhir hai, dhyaan se suniye.",आज का विषय गंभीर और संवेदनशील है; कृपया एकाग्रता से सुनिए।,Aaj ka vishay gambhir aur samvedansheel hai; kripya ekagrata se suniye.,मुद्दा | प्रसंग | अध्याय,mudda | prasang | adhyay,Vishay is a clean replacement for topic in most Hindi conversations.,Vishay shabd ke saath kisi charcha ka aarambh kijiye.,topic | learning | clarity,easy
32,इंटरेस्टिंग,interesting,रोचक,rochak,interesting or engaging,"यह podcast काफ़ी interesting है, तुम भी सुनना।","Yeh podcast kaafi interesting hai, tum bhi sunna.","यह podcast काफ़ी रोचक है, आप भी सुनिएगा।","Yeh podcast kaafi rochak hai, aap bhi suniyega.",यह podcast अत्यंत रोचक है; इसमें विषय को अनेक नए दृष्टिकोण से समझाया गया है।,Yeh podcast atyant rochak hai; ismein vishay ko anek naye drishtikon se samjhaya gaya hai.,दिलचस्प | मनोहर | आकर्षक,dilchasp | manohar | akarshak,Rochak is lively but still elegant; it works well for stories and ideas.,Rochak shabd ka prayog karte hue kisi kahani ya vichaar ka varnan kijiye.,interest | stories | expression,easy
33,इम्पॉर्टेंट,important,महत्वपूर्ण,mahatvapurn,important or significant,"कल की meeting important है, miss मत करना।","Kal ki meeting important hai, miss mat karna.","कल की बैठक महत्वपूर्ण है, कृपया छोड़िए मत।","Kal ki baithak mahatvapurn hai, kripya chhodiye mat.",कल की बैठक अत्यंत महत्वपूर्ण है; आपकी उपस्थिति आवश्यक रहेगी।,Kal ki baithak atyant mahatvapurn hai; aapki upasthiti avashyak rahegi.,आवश्यक | प्रमुख | मूल,avashyak | pramukh | mool,Mahatvapurn is useful when you want emphasis without exaggeration.,Mahatvapurn shabd ka prayog karte hue kisi prathamikta ko batayiye.,importance | professional | planning,easy
34,मेन,main,प्रमुख,pramukh,"main, chief, or primary",अभी हमारा main focus delivery time पर है।,Abhi hamara main focus delivery time par hai.,अभी हमारा प्रमुख ध्यान वितरण के समय पर है।,Abhi hamara pramukh dhyaan vitran ke samay par hai.,वर्तमान में हमारा प्रमुख लक्ष्य निर्धारित समय पर गुणवत्तापूर्ण वितरण सुनिश्चित करना है।,Vartamaan mein hamara pramukh lakshya nirdharit samay par gunvattapurn vitran sunishchit karna hai.,मुख्य | मूल | केंद्रीय,mukhya | mool | kendriya,Pramukh helps replace English-mixed main while keeping the sentence concise.,Pramukh shabd ke saath apni kisi priority ka vaakya banaiye.,priority | planning | professional,easy
35,गोल,goal,लक्ष्य,lakshya,goal or objective,मेरा goal है कि इस महीने रोज़ Hindi बोलूँ।,Mera goal hai ki is mahine roz Hindi boloon.,मेरा लक्ष्य है कि इस महीने रोज़ हिंदी बोलूँ।,Mera lakshya hai ki is maheene roz Hindi boloon.,इस मास मेरा लक्ष्य प्रतिदिन हिंदी में संवाद करके अपनी अभिव्यक्ति को सहज बनाना है।,Is maas mera lakshya pratidin Hindi mein samvaad karke apni abhivyakti ko sahaj banana hai.,उद्देश्य | मंज़िल | ध्येय,uddeshya | manzil | dhyey,Lakshya feels purposeful and is common in aspirational speech.,Apne kisi lakshya ko ek prernaadayak vaakya mein kahiye.,goals | motivation | self improvement,easy
36,पर्पज़,purpose,उद्देश्य,uddeshya,purpose or intent,"इस exercise का purpose क्या है, ज़रा समझाओगे?","Is exercise ka purpose kya hai, zara samjhaoge?","इस अभ्यास का उद्देश्य क्या है, ज़रा समझाइए?","Is abhyas ka uddeshya kya hai, zara samjhaiye?",कृपया स्पष्ट कीजिए कि इस अभ्यास का उद्देश्य क्या है और इससे हमें क्या लाभ मिलेगा।,Kripya spasht kijiye ki is abhyas ka uddeshya kya hai aur isse humein kya laabh milega.,मक़सद | प्रयोजन | लक्ष्य,maqsad | prayojan | lakshya,Uddeshya adds depth when explaining why something matters.,Uddeshya shabd ka prayog karte hue kisi kaam ka kaaran batayiye.,purpose | clarity | reflection,medium
37,रिज़ल्ट,result,परिणाम,parinaam,result or outcome,"मेहनत का result अच्छा आया, सब ख़ुश हैं।","Mehnat ka result achchha aaya, sab khush hain.","परिश्रम का परिणाम अच्छा रहा, सब प्रसन्न हैं।","Parishram ka parinaam achchha raha, sab prasann hain.","निरंतर परिश्रम का परिणाम उत्साहजनक रहा, जिससे पूरी team प्रसन्न है।","Nirantar parishram ka parinaam utsaahjanak raha, jisse poori team prasann hai.",नतीजा | फल | प्रभाव,natija | phal | prabhav,"Parinaam is elegant and familiar, especially for outcomes and consequences.",Parinaam shabd ka prayog karte hue kisi kriya ka asar batayiye.,results | consequence | professional,easy
38,इम्पैक्ट,impact,प्रभाव,prabhav,"impact, influence, or effect",इस change का team पर बड़ा impact पड़ेगा।,Is change ka team par bada impact padega.,इस परिवर्तन का team पर बड़ा प्रभाव पड़ेगा।,Is parivartan ka team par bada prabhav padega.,इस परिवर्तन का team की कार्यप्रणाली और मनोबल पर व्यापक प्रभाव पड़ सकता है।,Is parivartan ka team ki karyapranali aur manobal par vyaapak prabhav pad sakta hai.,असर | परिणाम | प्रेरक बल,asar | parinaam | prerak bal,"Prabhav is strong but natural, useful for decisions and communication.",Prabhav shabd ka prayog karke kisi nirnay ke asar ko kahiye.,impact | decision | professional,medium
39,रिलेशन,relation,संबंध,sambandh,relationship or connection,इस बात का हमारे issue से क्या relation है?,Is baat ka hamare issue se kya relation hai?,इस बात का हमारी समस्या से क्या संबंध है?,Is baat ka hamari samasya se kya sambandh hai?,कृपया स्पष्ट करें कि इस तथ्य का वर्तमान समस्या से क्या प्रत्यक्ष संबंध है।,Kripya spasht karein ki is tathya ka vartamaan samasya se kya pratyaksh sambandh hai.,रिश्ता | जोड़ | नाता,rishta | jod | nataa,"Sambandh neatly expresses connection between ideas, people, or topics.",Sambandh shabd ka prayog karte hue do baaton ko jodiye.,connection | ideas | communication,easy
40,ट्रस्ट,trust,विश्वास,vishwas,trust or belief,"मुझे तुम पर trust है, तुम संभाल लोगे।","Mujhe tum par trust hai, tum sambhaal loge.","मुझे आप पर विश्वास है, आप इसे संभाल लेंगे।","Mujhe aap par vishwas hai, aap ise sambhaal lenge.",मुझे आपकी क्षमता पर पूर्ण विश्वास है; आप यह ज़िम्मेदारी कुशलता से निभा लेंगे।,Mujhe aapki kshamata par poorn vishwas hai; aap yeh zimmedari kushalta se nibha lenge.,भरोसा | आस्था | श्रद्धा,bharosa | aastha | shraddha,"Vishwas is warm, direct, and suitable for personal or professional trust.",Vishwas shabd ka prayog karte hue ek sakaratmak vaakya kahiye.,trust | relationships | positive,easy
41,रिस्पेक्ट,respect,आदर,aadar,respect or regard,"मैं उनकी मेहनत का respect करता हूँ, सच में।","Main unki mehnat ka respect karta hoon, sach mein.","मैं उनके परिश्रम का आदर करता हूँ, सच में।","Main unke parishram ka aadar karta hoon, sach mein.",मैं उनके निरंतर परिश्रम और समर्पण का हृदय से आदर करता हूँ।,Main unke nirantar parishram aur samarpan ka hriday se aadar karta hoon.,सम्मान | मान | श्रद्धा,samman | maan | shraddha,Aadar is slightly softer than samman and works well for sincere appreciation.,Aadar shabd ka prayog karke kisi ki mehnat ko sarahiye.,respect | relationships | appreciation,easy
42,इज़्ज़त,izzat,सम्मान,samman,honor or respect,"बात चाहे जो हो, सबकी इज़्ज़त करनी चाहिए।","Baat chahe jo ho, sabki izzat karni chahiye.","मतभेद चाहे जो हो, सबका सम्मान करना चाहिए।","Matbhed chahe jo ho, sabka samman karna chahiye.","विचारों में मतभेद हो सकता है, फिर भी प्रत्येक व्यक्ति का सम्मान बना रहना चाहिए।","Vichaaron mein matbhed ho sakta hai, phir bhi pratyek vyakti ka samman bana rehna chahiye.",आदर | मान | गौरव,aadar | maan | gaurav,Samman is dignified and widely understood in everyday speech.,Samman shabd ke saath ek samvedansheel vaakya kahiye.,respect | values | daily speech,easy
43,कंट्रोल,control,संयम,sanyam,"restraint, composure, or self-control",ग़ुस्सा आ रहा हो तो थोड़ा control रखना।,Gussa aa raha ho toh thoda control rakhna.,ग़ुस्सा आए तो थोड़ा संयम रखना।,Gussa aaye toh thoda sanyam rakhna.,कठिन परिस्थिति में भी संयम बनाए रखना समझदारी और परिपक्वता का परिचय है।,Kathin paristhiti mein bhi sanyam banaye rakhna samajhdari aur paripakvata ka parichay hai.,नियंत्रण | धैर्य | संतुलन,niyantran | dhairya | santulan,Sanyam is elegant for emotional balance and disciplined conduct.,Sanyam shabd ka prayog karte hue kisi kathin pal ka varnan kijiye.,emotion | discipline | values,medium
44,पेशेंस,patience,धैर्य,dhairya,patience or calm endurance,"थोड़ा patience रखो, काम बस होने वाला है।","Thoda patience rakho, kaam bas hone wala hai.","थोड़ा धैर्य रखिए, कार्य बस पूरा होने वाला है।","Thoda dhairya rakhiye, karya bas poora hone wala hai.",कृपया कुछ और धैर्य रखें; कार्य अंतिम चरण में है और शीघ्र संपन्न हो जाएगा।,Kripya kuch aur dhairya rakhein; karya antim charan mein hai aur sheeghra sampann ho jayega.,सब्र | सहनशक्ति | संयम,sabr | sahan-shakti | sanyam,"Dhairya feels steady and thoughtful, especially during challenges.",Dhairya shabd ka prayog karte hue ek shaant salah dijiye.,patience | challenge | values,easy
45,हिम्मत,himmat,साहस,sahas,courage,"जो सही है वो बोलो, थोड़ी हिम्मत दिखाओ।","Jo sahi hai woh bolo, thodi himmat dikhao.","जो उचित है वह कहिए, थोड़ा साहस दिखाइए।","Jo uchit hai woh kahiye, thoda sahas dikhaiye.",परिस्थिति कठिन हो तब भी सत्य के पक्ष में बोलने का साहस रखिए।,Paristhiti kathin ho tab bhi satya ke paksh mein bolne ka sahas rakhiye.,हिम्मत | वीरता | निर्भयता,himmat | veerata | nirbhayata,"Sahas gives courage a dignified, inspiring tone.",Sahas shabd ka prayog karte hue kisi sahi nirnay ka zikr kijiye.,courage | values | motivation,easy
46,रिस्पॉन्सिबिलिटी,responsibility,ज़िम्मेदारी,zimmedari,responsibility or accountability,"यह मेरी responsibility है, मैं देख लूँगा।","Yeh meri responsibility hai, main dekh lunga.","यह मेरी ज़िम्मेदारी है, मैं इसे संभाल लूँगा।","Yeh meri zimmedari hai, main ise sambhaal loonga.",इस कार्य की पूरी ज़िम्मेदारी मेरी है; मैं इसे समय पर और ठीक ढंग से पूरा करूँगा।,Is karya ki poori zimmedari meri hai; main ise samay par aur theek dhang se poora karunga.,उत्तरदायित्व | कर्तव्य | फ़र्ज़,uttardayitva | kartavya | farz,"Zimmedari is natural, strong, and useful for ownership.",Zimmedari shabd ka prayog karte hue apni bhumika batayiye.,responsibility | work | values,easy
47,पोलाइट,polite,विनम्र,vinamra,polite or humble,तुम्हारा tone थोड़ा polite रहे तो बात बन जाएगी।,Tumhara tone thoda polite rahe toh baat ban jayegi.,आपका स्वर थोड़ा विनम्र रहे तो बात बन जाएगी।,Aapka swar thoda vinamra rahe toh baat ban jayegi.,"यदि आपका स्वर विनम्र और शब्द संतुलित हों, तो संवाद अधिक प्रभावी रहेगा।","Yadi aapka swar vinamra aur shabd santulit hon, toh samvaad adhik prabhavi rahega.",नम्र | सभ्य | शिष्ट,namra | sabhya | shisht,"Vinamra is excellent for describing tone, requests, and behavior.",Vinamra shabd ka prayog karte hue ek nivedan kijiye.,politeness | tone | requests,easy
48,डिसेंट,decent,सभ्य,sabhya,"civil, courteous, or refined","Party में सबका behavior decent था, अच्छा लगा।","Party mein sabka behavior decent tha, achchha laga.","समारोह में सबका व्यवहार सभ्य था, अच्छा लगा।","Samaaroh mein sabka vyavahar sabhya tha, achchha laga.",समारोह में सभी का सभ्य और मर्यादित व्यवहार देखकर प्रसन्नता हुई।,Samaaroh mein sabhi ka sabhya aur maryadit vyavahar dekhkar prasannata hui.,शिष्ट | संस्कारी | विनम्र,shisht | sanskari | vinamra,Sabhya describes conduct that is courteous and socially graceful.,Sabhya shabd ke saath achchhe vyavahar ka vaakya banaiye.,conduct | politeness | values,medium
49,बिहेवियर,behavior,व्यवहार,vyavahar,behavior or conduct,"वो senior हैं, पर उनका behavior बिल्कुल friendly है।","Woh senior hain, par unka behavior bilkul friendly hai.","वे वरिष्ठ हैं, पर उनका व्यवहार बहुत मित्रवत है।","Woh varishth hain, par unka vyavahar bahut mitravat hai.","वरिष्ठ पद पर होते हुए भी उनका व्यवहार सहज, विनम्र और सहयोगपूर्ण है।","Varishth pad par hote hue bhi unka vyavahar sahaj, vinamra aur sahyogpoorn hai.",आचरण | बर्ताव | रवैया,aacharan | bartav | ravayya,"Vyavahar is common and refined, useful for personal and social settings.",Vyavahar shabd ka prayog karte hue kisi gun ka varnan kijiye.,conduct | relationships | daily speech,easy
50,चेंज,change,परिवर्तन,parivartan,change or transformation,"Routine में थोड़ा change चाहिए, bore हो गया हूँ।","Routine mein thoda change chahiye, bore ho gaya hoon.","दिनचर्या में थोड़ा परिवर्तन चाहिए, मैं ऊब गया हूँ।","Dinacharya mein thoda parivartan chahiye, main oob gaya hoon.",एकरसता दूर करने के लिए दिनचर्या में सकारात्मक परिवर्तन लाना आवश्यक लगता है।,Ekrasata door karne ke liye dinacharya mein sakaratmak parivartan laana avashyak lagta hai.,बदलाव | रूपांतरण | संशोधन,badlav | rupantaran | sanshodhan,"Parivartan sounds constructive, especially for improvement and reform.",Parivartan shabd ka prayog karke kisi sudhaar ka zikr kijiye.,change | improvement | planning,easy
51,इम्प्रूवमेंट,improvement,सुधार,sudhaar,improvement or correction,"Presentation अच्छी है, बस opening में improvement चाहिए।","Presentation achchhi hai, bas opening mein improvement chahiye.","प्रस्तुति अच्छी है, बस आरंभ में सुधार चाहिए।","Prastuti achchhi hai, bas aarambh mein sudhaar chahiye.",प्रस्तुति प्रभावी है; केवल प्रारंभिक भाग में कुछ सुधार से इसका प्रभाव और बढ़ सकता है।,Prastuti prabhavi hai; keval prarambhik bhaag mein kuch sudhaar se iska prabhav aur badh sakta hai.,उन्नति | संशोधन | बेहतरी,unnati | sanshodhan | behtari,Sudhaar is supportive and practical; it fits the app's aspirational tone.,Sudhaar shabd ka prayog karte hue ek rachanatmak vaakya kahiye.,improvement | learning | feedback,easy
52,प्रोग्रेस,progress,उन्नति,unnati,progress or advancement,तुम्हारी Hindi में progress साफ़ दिख रही है।,Tumhari Hindi mein progress saaf dikh rahi hai.,आपकी हिंदी में उन्नति स्पष्ट दिख रही है।,Aapki Hindi mein unnati spasht dikh rahi hai.,आपकी हिंदी में निरंतर उन्नति दिख रही है; अभिव्यक्ति पहले से अधिक सहज और स्पष्ट है।,Aapki Hindi mein nirantar unnati dikh rahi hai; abhivyakti pehle se adhik sahaj aur spasht hai.,प्रगति | विकास | सुधार,pragati | vikas | sudhaar,Unnati has an aspirational quality and works beautifully for learning.,Unnati shabd ka prayog karte hue apni seekh par vaakya kahiye.,progress | learning | motivation,easy
53,प्लान,plan,योजना,yojana,plan or scheme,"Weekend का plan क्या है, कहीं बाहर चलना है?","Weekend ka plan kya hai, kahin bahar chalna hai?","सप्ताहांत की योजना क्या है, कहीं बाहर चलना है?","Saptaahant ki yojana kya hai, kahin bahar chalna hai?",सप्ताहांत के लिए क्या योजना है? यदि सब सहमत हों तो एक छोटी यात्रा रखी जा सकती है।,Saptaahant ke liye kya yojana hai? Yadi sab sahmat hon toh ek chhoti yatra rakhi ja sakti hai.,रणनीति | विधि | कार्यक्रम,rananeeti | vidhi | karyakram,Yojana is a natural Hindi replacement for plan in everyday contexts.,Yojana shabd ka prayog karte hue agle kadam ka varnan kijiye.,planning | work | daily speech,easy
54,डायरेक्शन,direction,दिशा,disha,direction or guiding path,Team को clear direction मिल जाए तो काम तेज़ होगा।,Team ko clear direction mil jaaye toh kaam tez hoga.,Team को स्पष्ट दिशा मिल जाए तो कार्य तेज़ होगा।,Team ko spasht disha mil jaaye toh karya tez hoga.,"Team को स्पष्ट दिशा और निर्धारित प्राथमिकताएँ मिलें, तो कार्य अधिक कुशलता से आगे बढ़ेगा।","Team ko spasht disha aur nirdharit prathamiktaen milen, toh karya adhik kushalta se aage badhega.",मार्ग | राह | निर्देश,marg | raah | nirdesh,"Disha is concise and graceful for guidance, planning, or purpose.",Disha shabd ka prayog karte hue kisi margdarshan par vaakya kahiye.,guidance | planning | leadership,easy
55,गाइडेंस,guidance,मार्गदर्शन,margdarshan,guidance or direction,इस career decision में आपकी guidance चाहिए।,Is career decision mein aapki guidance chahiye.,इस career निर्णय में आपका मार्गदर्शन चाहिए।,Is career nirnay mein aapka margdarshan chahiye.,इस महत्वपूर्ण जीवन-वृत्ति निर्णय में आपका अनुभवी मार्गदर्शन मेरे लिए अत्यंत उपयोगी होगा।,Is mahatvapurn jeevan-vritti nirnay mein aapka anubhavi margdarshan mere liye atyant upyogi hoga.,सलाह | दिशा | परामर्श,salah | disha | paramarsh,Margdarshan is respectful and warm when seeking advice from someone experienced.,Margdarshan maangte hue ek vinamra vaakya kahiye.,guidance | respect | learning,medium
56,एडवाइस,advice,परामर्श,paramarsh,counsel or considered advice,Investment से पहले expert की advice ले लेते हैं।,Investment se pehle expert ki advice le lete hain.,निवेश से पहले विशेषज्ञ का परामर्श ले लेते हैं।,Nivesh se pehle visheshagya ka paramarsh le lete hain.,वित्तीय निर्णय लेने से पूर्व किसी अनुभवी विशेषज्ञ का परामर्श प्राप्त करना उचित रहेगा।,Vittiya nirnay lene se poorv kisi anubhavi visheshagya ka paramarsh praapt karna uchit rahega.,सलाह | सुझाव | मार्गदर्शन,salah | sujhav | margdarshan,Paramarsh is more formal than salah and suits thoughtful or expert advice.,Paramarsh shabd ka prayog karte hue kisi se salah maangiye.,advice | formal | learning,medium
57,बैलेंस,balance,संतुलन,santulan,balance or equilibrium,काम और घर का balance बनाना मुश्किल हो रहा है।,Kaam aur ghar ka balance banana mushkil ho raha hai.,कार्य और घर के बीच संतुलन बनाना कठिन हो रहा है।,Karya aur ghar ke beech santulan banana kathin ho raha hai.,व्यावसायिक ज़िम्मेदारियों और पारिवारिक जीवन के बीच संतुलन बनाए रखना चुनौतीपूर्ण हो रहा है।,Vyavasaayik zimmedariyon aur parivaarik jeevan ke beech santulan banaye rakhna chunautipurn ho raha hai.,सामंजस्य | संयम | संतुष्टि,samanjasya | sanyam | santushti,"Santulan is elegant and useful for lifestyle, tone, and judgment.",Santulan shabd ka prayog karte hue jeevan ya kaam par vaakya kahiye.,balance | life | reflection,medium
58,एक्सप्रेशन,expression,अभिव्यक्ति,abhivyakti,expression or articulation,जब तुम धीरे बोलते हो तो expression clear रहती है।,Jab tum dheere bolte ho toh expression clear rehti hai.,जब आप धीरे बोलते हैं तो अभिव्यक्ति स्पष्ट रहती है।,Jab aap dheere bolte hain toh abhivyakti spasht rehti hai.,"संतुलित गति से बोलने पर आपकी अभिव्यक्ति अधिक स्पष्ट, प्रभावी और सहज लगती है।","Santulit gati se bolne par aapki abhivyakti adhik spasht, prabhavi aur sahaj lagti hai.",प्रकटीकरण | वक्तव्य | बोलने का ढंग,prakatikaran | vaktavya | bolne ka dhang,Abhivyakti is central to elegant speech and works well for language learning.,Abhivyakti shabd ka prayog karte hue bhasha ke mahatva par vaakya kahiye.,expression | language | learning,medium
59,हेल्पफुल,helpful,उपयोगी,upyogi,useful or helpful,"यह tip काफ़ी helpful है, मैं आज ही try करूँगा।","Yeh tip kaafi helpful hai, main aaj hi try karunga.","यह सुझाव काफ़ी उपयोगी है, मैं आज ही अपनाऊँगा।","Yeh sujhav kaafi upyogi hai, main aaj hi apnaunga.",यह सुझाव अत्यंत उपयोगी और व्यावहारिक है; मैं इसे आज से ही अपने अभ्यास में शामिल करूँगा।,Yeh sujhav atyant upyogi aur vyavaharik hai; main ise aaj se hi apne abhyas mein shamil karunga.,लाभदायक | सहायक | काम का,laabhdayak | sahayak | kaam ka,"Upyogi is a crisp upgrade for helpful, especially in practical contexts.",Upyogi shabd ka prayog karte hue kisi salah ki prashansa kijiye.,useful | advice | positive,easy
60,मीनिंगफुल,meaningful,सार्थक,sarthak,meaningful or worthwhile,"आज की बातचीत meaningful थी, काफ़ी clarity मिली।","Aaj ki baatcheet meaningful thi, kaafi clarity mili.","आज का संवाद सार्थक था, काफ़ी स्पष्टता मिली।","Aaj ka samvaad sarthak tha, kaafi spashtata mili.",आज का संवाद वास्तव में सार्थक रहा; इससे अनेक उलझनें दूर हुईं और आगे की दिशा स्पष्ट हुई।,Aaj ka samvaad vaastav mein sarthak raha; isse anek uljhanein door hui aur aage ki disha spasht hui.,अर्थपूर्ण | मूल्यवान | उपयोगी,arthapurn | moolyavaan | upayogi,"Sarthak feels refined and heartfelt when describing time, work, or conversation.",Sarthak shabd ka prayog karte hue kisi anubhav ko varnit kijiye.,meaning | reflection | positive,medium
61,हाँ,haan,सहमति,sahmati,agreement or consent,"हाँ, मुझे तुम्हारा plan ठीक लग रहा है।","Haan, mujhe tumhara plan theek lag raha hai.","इस योजना पर मेरी सहमति है, यह ठीक लग रही है।","Is yojana par meri sahmati hai, yeh theek lag rahi hai.",विचार करने के बाद इस योजना को मेरी पूर्ण सहमति है; आप आगे बढ़ सकते हैं।,Vichaar karne ke baad is yojana ko meri poorn sahmati hai; aap aage badh sakte hain.,स्वीकृति | अनुमोदन | रज़ामंदी,sweekriti | anumodan | razamandi,Sahmati states agreement clearly while keeping the exchange collaborative.,Sahmati vyakt karte hue kisi yojana par ek vaakya kahiye.,agreement | collaboration | conversation,easy
62,मैं नहीं मानता,main nahi maanta,असहमति,asahmati,disagreement or dissent,मैं नहीं मानता कि अभी price बढ़ाना चाहिए।,Main nahi maanta ki abhi price badhana chahiye.,अभी मूल्य बढ़ाने पर मेरी असहमति है।,Abhi moolya badhane par meri asahmati hai.,वर्तमान परिस्थितियों में मूल्य-वृद्धि के प्रस्ताव पर मेरी विनम्र असहमति है।,Vartamaan paristhitiyon mein moolya-vriddhi ke prastaav par meri vinamra asahmati hai.,मतभेद | विरोध | आपत्ति,matbhed | virodh | aapatti,Asahmati lets you disagree directly without making the tone confrontational.,Asahmati vyakt karte hue ek vinamra vaakya banaiye.,disagreement | tact | professional,medium
63,रिक्वेस्ट,request,अनुरोध,anurodh,request or appeal,"मेरी एक request है, file आज भेज देना।","Meri ek request hai, file aaj bhej dena.","मेरा एक अनुरोध है, file आज भेज दीजिए।","Mera ek anurodh hai, file aaj bhej dijiye.",मेरा विनम्र अनुरोध है कि संबंधित file आज ही प्रेषित कर दें।,Mera vinamra anurodh hai ki sambandhit file aaj hi preshit kar dein.,निवेदन | प्रार्थना | गुज़ारिश,nivedan | prarthana | guzaarish,Anurodh makes a request courteous and suitable for everyday professional speech.,Anurodh karte hue kisi se ek kaam kahiye.,requests | polite speech | work,easy
64,गुज़ारिश,guzaarish,निवेदन,nivedan,polite request or submission,"एक गुज़ारिश है, phone silent कर लो।","Ek guzaarish hai, phone silent kar lo.","एक निवेदन है, कृपया phone silent कर लीजिए।","Ek nivedan hai, kripya phone silent kar lijiye.",सभी से विनम्र निवेदन है कि कार्यक्रम के दौरान अपने phone मौन रखें।,Sabhi se vinamra nivedan hai ki karyakram ke dauraan apne phone maun rakhein.,अनुरोध | प्रार्थना | विनती,anurodh | prarthana | vinati,Nivedan is warm and respectful when addressing one person or a group.,Nivedan shabd ke saath ek sabhya ghoshna kijiye.,requests | public speaking | courtesy,easy
65,परमिशन,permission,अनुमति,anumati,permission or authorization,क्या मुझे कल घर से काम करने की permission मिल सकती है?,Kya mujhe kal ghar se kaam karne ki permission mil sakti hai?,क्या मुझे कल घर से कार्य करने की अनुमति मिल सकती है?,Kya mujhe kal ghar se karya karne ki anumati mil sakti hai?,क्या आप मुझे कल घर से कार्य करने की अनुमति प्रदान कर सकते हैं?,Kya aap mujhe kal ghar se karya karne ki anumati pradaan kar sakte hain?,स्वीकृति | इजाज़त | मंज़ूरी,sweekriti | ijaazat | manzoori,Anumati is a clear Hindi alternative for permission in requests.,Anumati maangte hue ek vinamra prashn poochhiye.,permission | requests | workplace,easy
66,वेट,wait,प्रतीक्षा,pratiksha,waiting or anticipation,"बस दो minute wait करो, मैं आ रहा हूँ।","Bas do minute wait karo, main aa raha hoon.","बस दो minute प्रतीक्षा कीजिए, मैं आ रहा हूँ।","Bas do minute pratiksha kijiye, main aa raha hoon.",कृपया दो minute प्रतीक्षा करें; मैं शीघ्र ही वहाँ पहुँच रहा हूँ।,Kripya do minute pratiksha karein; main sheeghra hi wahan pahunch raha hoon.,इंतज़ार | अवकाश | ठहराव,intezaar | avakaash | thehraav,Pratiksha sounds composed and polite when asking someone to wait.,Pratiksha karne ko kehte hue ek vinamra vaakya banaiye.,time | requests | courtesy,easy
67,देर,der,विलंब,vilamb,delay or lateness,"Sorry, आज थोड़ी देर हो गई।","Sorry, aaj thodi der ho gayi.","क्षमा कीजिए, आज थोड़ा विलंब हो गया।","Kshama kijiye, aaj thoda vilamb ho gaya.",आज पहुँचने में हुए विलंब के लिए क्षमा चाहता हूँ; मार्ग में बाधा थी।,Aaj pahunchne mein hue vilamb ke liye kshama chahta hoon; maarg mein baadha thi.,देरी | अवरोध | स्थगन,deri | avarodh | sthagan,Vilamb is useful for calmly acknowledging a delay.,Vilamb ka kaaran batate hue ek vaakya kahiye.,time | apology | professional,easy
68,रेडी,ready,तत्पर,tatpar,ready and willing,"मैं ready हूँ, बस बताओ कब निकलना है।","Main ready hoon, bas batao kab nikalna hai.","मैं तत्पर हूँ, बस बताइए कब निकलना है।","Main tatpar hoon, bas bataiye kab nikalna hai.",मैं प्रस्थान के लिए पूरी तरह तत्पर हूँ; कृपया समय बता दीजिए।,Main prasthaan ke liye poori tarah tatpar hoon; kripya samay bata dijiye.,तैयार | उत्सुक | प्रस्तुत,taiyaar | utsuk | prastut,Tatpar conveys readiness with an energetic and willing tone.,Tatpar shabd ka prayog karke apni taiyaari dikhaiye.,readiness | action | positive,medium
69,प्रायोरिटी,priority,प्राथमिकता,prathamikta,priority or precedence,अभी मेरी priority यह report ख़त्म करना है।,Abhi meri priority yeh report khatam karna hai.,अभी मेरी प्राथमिकता यह report पूरी करना है।,Abhi meri prathamikta yeh report poori karna hai.,वर्तमान में इस report को समय पर पूरा करना मेरी सर्वोच्च प्राथमिकता है।,Vartamaan mein is report ko samay par poora karna meri sarvochch prathamikta hai.,वरीयता | प्रमुखता | तरजीह,variyata | pramukhta | tarjeeh,Prathamikta clearly identifies what must receive attention first.,Apni aaj ki prathamikta ek vaakya mein batayiye.,planning | focus | work,medium
70,सपोर्ट,support,सहयोग,sahyog,cooperation or support,इस project में तुम्हारा support चाहिए।,Is project mein tumhara support chahiye.,इस project में आपका सहयोग चाहिए।,Is project mein aapka sahyog chahiye.,इस महत्वपूर्ण परियोजना को सफल बनाने के लिए आपका सक्रिय सहयोग आवश्यक है।,Is mahatvapurn pariyojana ko safal banane ke liye aapka sakriya sahyog avashyak hai.,समर्थन | सहायता | साथ,samarthan | sahayata | saath,Sahyog emphasizes working together rather than one-sided help.,Sahyog maangte hue team ke liye ek vaakya kahiye.,collaboration | teamwork | requests,easy
71,अचीवमेंट,achievement,उपलब्धि,upalabdhi,achievement or accomplishment,"यह achievement छोटी नहीं है, celebrate करते हैं।","Yeh achievement chhoti nahi hai, celebrate karte hain.","यह उपलब्धि छोटी नहीं है, इसका उत्सव मनाते हैं।","Yeh upalabdhi chhoti nahi hai, iska utsav manate hain.",यह उपलब्धि हमारे साझा परिश्रम का महत्वपूर्ण परिणाम है; इसका उत्सव अवश्य होना चाहिए।,Yeh upalabdhi hamare saajha parishram ka mahatvapurn parinaam hai; iska utsav avashya hona chahiye.,सफलता | प्राप्ति | सिद्धि,safalta | praapti | siddhi,Upalabdhi gives an achievement a proud yet grounded tone.,Apni kisi upalabdhi par ek vinamra vaakya kahiye.,achievement | motivation | celebration,medium
72,केपेबिलिटी,capability,क्षमता,kshamata,ability or capacity,उसमें team lead करने की capability है।,Usmein team lead karne ki capability hai.,उसमें team का नेतृत्व करने की क्षमता है।,Usmein team ka netritva karne ki kshamata hai.,उसमें team को प्रेरित करके कुशलता से नेतृत्व देने की पूरी क्षमता है।,Usmein team ko prerit karke kushalta se netritva dene ki poori kshamata hai.,योग्यता | सामर्थ्य | क़ाबिलियत,yogyata | samarthya | kabiliyat,Kshamata is precise when speaking about ability or potential.,Kisi vyakti ki kshamata ka sakaratmak varnan kijiye.,ability | leadership | professional,medium
73,क्वालिटी,quality,गुणवत्ता,gunvatta,quality or standard,"Product की quality अच्छी है, बस packing weak है।","Product ki quality achchhi hai, bas packing weak hai.","उत्पाद की गुणवत्ता अच्छी है, बस packing कमज़ोर है।","Utpaad ki gunvatta achchhi hai, bas packing kamzor hai.",उत्पाद की गुणवत्ता संतोषजनक है; केवल आवरण को और मज़बूत बनाने की आवश्यकता है।,Utpaad ki gunvatta santoshjanak hai; keval aavaran ko aur majboot banane ki avashyakta hai.,स्तर | उत्कृष्टता | विशेषता,star | utkarshta | visheshta,Gunvatta is widely useful for discussing standards in work and products.,Gunvatta par rachanatmak pratikriya dete hue ek vaakya kahiye.,quality | feedback | work,medium
74,ऑप्शन,option,विकल्प,vikalp,option or alternative,अगर यह option महँगा है तो दूसरा देखते हैं।,Agar yeh option mehnga hai toh doosra dekhte hain.,यदि यह विकल्प महँगा है तो दूसरा देखते हैं।,Yadi yeh vikalp mehnga hai toh doosra dekhte hain.,"यदि यह विकल्प budget से अधिक है, तो हम किसी व्यावहारिक और किफ़ायती विकल्प पर विचार कर सकते हैं।","Yadi yeh vikalp budget se adhik hai, toh hum kisi vyavaharik aur kifayati vikalp par vichaar kar sakte hain.",चुनाव | उपाय | मार्ग,chunaav | upay | maarg,"Vikalp is a natural, versatile replacement for option.",Do vikalpon ke beech chunaav ka vaakya banaiye.,choice | planning | daily speech,easy
75,रीज़न,reason,कारण,kaaran,reason or cause,"तुम late क्यों हो, कोई reason था क्या?","Tum late kyun ho, koi reason tha kya?",आपके विलंब का कोई कारण था क्या?,Aapke vilamb ka koi kaaran tha kya?,आपके विलंब का क्या कारण था? आशा है सब ठीक है।,Aapke vilamb ka kya kaaran tha? Aasha hai sab theek hai.,वजह | हेतु | आधार,wajah | hetu | aadhaar,Kaaran asks for a reason directly while allowing the tone to stay considerate.,Kaaran poochhte hue ek samvedansheel prashn banaiye.,reason | clarity | conversation,easy
76,कॉन्टेक्स्ट,context,संदर्भ,sandarbh,context or reference,"थोड़ा context दो, तब बात समझ आएगी।","Thoda context do, tab baat samajh aayegi.","थोड़ा संदर्भ दीजिए, तब बात समझ आएगी।","Thoda sandarbh dijiye, tab baat samajh aayegi.","कृपया पूरा संदर्भ स्पष्ट करें, ताकि हम बात को सही परिप्रेक्ष्य में समझ सकें।","Kripya poora sandarbh spasht karein, taaki hum baat ko sahi pariprekshya mein samajh saken.",परिप्रेक्ष्य | प्रसंग | पृष्ठभूमि,pariprekshya | prasang | prishthabhoomi,Sandarbh helps connect a statement to its surrounding situation.,Sangati samjhane ke liye sandarbh wala vaakya banaiye.,context | clarity | communication,medium
77,एग्ज़ाम्पल,example,उदाहरण,udaharan,example or illustration,एक example दोगे तो जल्दी समझ आ जाएगा।,Ek example doge toh jaldi samajh aa jayega.,एक उदाहरण दीजिए तो जल्दी समझ आ जाएगा।,Ek udaharan dijiye toh jaldi samajh aa jayega.,"कृपया एक सरल उदाहरण दीजिए, जिससे यह अवधारणा तुरंत स्पष्ट हो सके।","Kripya ek saral udaharan dijiye, jisse yeh avadhaarana turant spasht ho sake.",मिसाल | दृष्टांत | नमूना,misaal | drishtant | namoona,Udaharan makes explanations concrete and easier to follow.,Udaharan maangte hue ek vinamra vaakya kahiye.,learning | explanation | clarity,easy
78,प्रोसेस,process,प्रक्रिया,prakriya,process or procedure,इस process में कितना time लगेगा?,Is process mein kitna time lagega?,इस प्रक्रिया में कितना समय लगेगा?,Is prakriya mein kitna samay lagega?,कृपया बताइए कि इस संपूर्ण प्रक्रिया को पूरा होने में अनुमानतः कितना समय लगेगा।,Kripya bataiye ki is sampoorna prakriya ko poora hone mein anumaanatah kitna samay lagega.,विधि | क्रम | कार्यविधि,vidhi | kram | karyavidhi,Prakriya is useful for describing how work moves from one step to another.,Kisi prakriya ke samay par ek prashn banaiye.,process | planning | work,easy
79,इन्फ़ॉर्मेशन,information,जानकारी,jaankari,information or knowledge,मुझे event की पूरी information भेज देना।,Mujhe event ki poori information bhej dena.,मुझे कार्यक्रम की पूरी जानकारी भेज दीजिए।,Mujhe karyakram ki poori jaankari bhej dijiye.,"कृपया कार्यक्रम से संबंधित समय, स्थान और पंजीकरण की संपूर्ण जानकारी भेज दें।","Kripya karyakram se sambandhit samay, sthaan aur panjikaran ki sampoorna jaankari bhej dein.",विवरण | ज्ञान | सूचना,vivaran | gyaan | soochna,Jaankari is one of the most natural Hindi replacements for information.,Jaankari maangte hue ek spasht vaakya kahiye.,information | requests | daily speech,easy
80,अपडेट,update,सूचना,soochna,information or notice,कोई update मिले तो मुझे message कर देना।,Koi update mile toh mujhe message kar dena.,कोई नई सूचना मिले तो मुझे संदेश भेज दीजिए।,Koi nayi soochna mile toh mujhe sandesh bhej dijiye.,"जैसे ही कोई नई सूचना प्राप्त हो, कृपया मुझे तत्काल अवगत करा दें।","Jaise hi koi nayi soochna praapt ho, kripya mujhe tatkaal avagat kara dein.",जानकारी | समाचार | संदेश,jaankari | samaachaar | sandesh,"Soochna works well for notices, updates, and factual information.",Nayi soochna dene ke liye ek vaakya banaiye.,updates | information | professional,easy
81,सेफ़्टी,safety,सुरक्षा,suraksha,safety or protection,Safety के लिए helmet ज़रूर पहनना।,Safety ke liye helmet zaroor pehenna.,सुरक्षा के लिए helmet अवश्य पहनिए।,Suraksha ke liye helmet avashya pehniye.,अपनी सुरक्षा सुनिश्चित करने के लिए वाहन चलाते समय helmet अवश्य धारण करें।,Apni suraksha sunishchit karne ke liye vaahan chalaate samay helmet avashya dhaaran karein.,रक्षा | संरक्षण | हिफ़ाज़त,raksha | sanrakshan | hifaazat,Suraksha is direct and familiar in practical everyday advice.,Suraksha se judi ek upyogi salah dijiye.,safety | advice | daily speech,easy
82,कन्वीनियंस,convenience,सुविधा,suvidha,convenience or facility,तुम्हारी convenience के लिए मैं time बदल देता हूँ।,Tumhari convenience ke liye main time badal deta hoon.,आपकी सुविधा के लिए मैं समय बदल देता हूँ।,Aapki suvidha ke liye main samay badal deta hoon.,आपकी सुविधा को ध्यान में रखते हुए मैं बैठक का समय परिवर्तित कर देता हूँ।,Aapki suvidha ko dhyaan mein rakhte hue main baithak ka samay parivartit kar deta hoon.,आसानी | सहूलियत | व्यवस्था,aasaani | sahooliyat | vyavastha,Suvidha politely centers another person's convenience.,Kisi ki suvidha ka dhyaan rakhte hue ek vaakya kahiye.,courtesy | planning | conversation,easy
83,केयरफुल,careful,सावधानी,savdhaani,caution or carefulness,"Road गीली है, ज़रा careful रहना।","Road geeli hai, zara careful rehna.","सड़क गीली है, ज़रा सावधानी रखिए।","Sadak geeli hai, zara savdhaani rakhiye.",वर्षा के कारण सड़क फिसलन भरी है; कृपया वाहन चलाते समय विशेष सावधानी बरतें।,Varsha ke kaaran sadak phislan bhari hai; kripya vaahan chalaate samay vishesh savdhaani bartein.,सतर्कता | सजगता | एहतियात,satarkata | sajagta | ehtiyaat,"Savdhaani turns a casual warning into clear, caring advice.",Savdhaani ki salah dete hue ek vaakya banaiye.,safety | warning | care,easy
84,सेंसिटिव,sensitive,संवेदनशील,samvedansheel,sensitive or delicate,"यह topic sensitive है, आराम से बात करना।","Yeh topic sensitive hai, aaraam se baat karna.","यह विषय संवेदनशील है, शांति से बात कीजिए।","Yeh vishay samvedansheel hai, shaanti se baat kijiye.",यह अत्यंत संवेदनशील विषय है; कृपया शब्दों का चयन सोच-समझकर करें।,Yeh atyant samvedansheel vishay hai; kripya shabdon ka chayan soch-samajhkar karein.,भावुक | नाज़ुक | कोमल,bhaavuk | naazuk | komal,Samvedansheel signals that a subject needs care and empathy.,Samvedansheel vishay par sambhal kar bolne ka vaakya banaiye.,empathy | tone | communication,medium
85,ऑनेस्टी,honesty,ईमानदारी,imaandari,honesty or integrity,सच बोलूँ तो तुम्हारी honesty मुझे पसंद है।,Sach bolun toh tumhari honesty mujhe pasand hai.,सच कहूँ तो आपकी ईमानदारी मुझे पसंद है।,Sach kahoon toh aapki imaandari mujhe pasand hai.,मैं आपकी ईमानदारी और स्पष्टवादिता का हृदय से सम्मान करता हूँ।,Main aapki imaandari aur spashtavaadita ka hriday se samman karta hoon.,सच्चाई | निष्ठा | सत्यनिष्ठा,sachchai | nishtha | satyanishtha,"Imaandari is warm, direct, and natural when appreciating integrity.",Imaandari ki prashansa karte hue ek vaakya kahiye.,values | appreciation | relationships,easy
86,एक्सेप्ट,accept,स्वीकार,sweekar,to accept or acknowledge,"ठीक है, मैं अपनी ग़लती accept करता हूँ।","Theek hai, main apni galti accept karta hoon.","ठीक है, मैं अपनी ग़लती स्वीकार करता हूँ।","Theek hai, main apni galti sweekar karta hoon.",मैं बिना किसी संकोच के अपनी त्रुटि स्वीकार करता हूँ और उसे सुधारने का प्रयास करूँगा।,Main bina kisi sankoch ke apni truti sweekar karta hoon aur use sudhaarne ka prayas karunga.,मान लेना | अंगीकार | स्वीकृति,maan lena | angeekar | sweekriti,Sweekar expresses acceptance or accountability with composure.,Apni galti sweekar karte hue ek vaakya banaiye.,accountability | values | conversation,easy
87,रिजेक्ट,reject,अस्वीकार,asweekar,to reject or decline,"Sorry, मुझे यह offer reject करना पड़ेगा।","Sorry, mujhe yeh offer reject karna padega.","क्षमा कीजिए, मुझे यह प्रस्ताव अस्वीकार करना पड़ेगा।","Kshama kijiye, mujhe yeh prastaav asweekar karna padega.","आपके प्रस्ताव के लिए आभार, किंतु वर्तमान परिस्थितियों में मुझे इसे विनम्रता से अस्वीकार करना पड़ेगा।","Aapke prastaav ke liye aabhar, kintu vartamaan paristhitiyon mein mujhe ise vinamrata se asweekar karna padega.",मना करना | ठुकराना | नामंज़ूर,mana karna | thukrana | naamanzur,Asweekar helps decline something firmly while remaining courteous.,Kisi prastaav ko vinamrata se asweekar karne ka vaakya banaiye.,declining | tact | professional,medium
88,प्रेज़,praise,प्रशंसा,prashansa,praise or appreciation,Boss ने आज मेरी काफ़ी praise की।,Boss ne aaj meri kaafi praise ki.,वरिष्ठ ने आज मेरी काफ़ी प्रशंसा की।,Varishth ne aaj meri kaafi prashansa ki.,"वरिष्ठ अधिकारी ने आज मेरे कार्य की खुलकर प्रशंसा की, जिससे मेरा उत्साह बढ़ा।","Varishth adhikari ne aaj mere karya ki khulkar prashansa ki, jisse mera utsaah badha.",सराहना | तारीफ़ | अभिनंदन,sarahana | tareef | abhinandan,Prashansa is a polished but familiar way to speak about praise.,Kisi ke karya ki prashansa karte hue ek vaakya kahiye.,praise | work | positive,easy
89,थैंक्स,thanks,आभार,aabhar,gratitude or thanks,"इतनी help के लिए thanks, सच में।","Itni help ke liye thanks, sach mein.","इतनी सहायता के लिए आभार, सच में।","Itni sahayata ke liye aabhar, sach mein.",कठिन समय में दिए गए आपके सहयोग के लिए मैं हृदय से आभार व्यक्त करता हूँ।,Kathin samay mein diye gaye aapke sahyog ke liye main hriday se aabhar vyakt karta hoon.,धन्यवाद | कृतज्ञता | शुक्रिया,dhanyavaad | kritagyata | shukriya,Aabhar expresses thanks with warmth and a little more depth.,Aabhar vyakt karte hue ek sachcha vaakya kahiye.,gratitude | appreciation | relationships,easy
90,सॉरी,sorry,क्षमा,kshama,forgiveness or apology,"Sorry, मैं तुम्हारा call नहीं उठा पाया।","Sorry, main tumhara call nahi utha paaya.","क्षमा कीजिए, मैं आपका phone नहीं उठा पाया।","Kshama kijiye, main aapka phone nahi utha paaya.",आपका phone न उठा पाने के लिए क्षमा चाहता हूँ; उस समय मैं बैठक में था।,Aapka phone na utha paane ke liye kshama chahta hoon; us samay main baithak mein tha.,माफ़ी | क्षमायाचना | खेद,maafi | kshamayaachana | khed,Kshama keeps an apology respectful and sincere.,Kshama maangte hue galti ka kaaran bhi batayiye.,apology | courtesy | conversation,easy
91,क्यूरियोसिटी,curiosity,जिज्ञासा,jigyasa,curiosity or desire to know,"बस curiosity है, यह machine काम कैसे करती है?","Bas curiosity hai, yeh machine kaam kaise karti hai?","बस जिज्ञासा है, यह यंत्र काम कैसे करता है?","Bas jigyasa hai, yeh yantra kaam kaise karta hai?",मेरी जिज्ञासा है कि यह यंत्र किस सिद्धांत पर कार्य करता है; क्या आप समझा सकते हैं?,Meri jigyasa hai ki yeh yantra kis siddhaant par karya karta hai; kya aap samjha sakte hain?,उत्सुकता | कौतूहल | जानने की इच्छा,utsukta | kautuhal | jaanne ki ichchha,"Jigyasa gives curiosity a thoughtful, learning-oriented tone.",Jigyasa vyakt karte hue ek prashn poochhiye.,curiosity | learning | questions,medium
92,फ़ोकस,focus,एकाग्रता,ekagrata,concentration or focus,"Phone side में रखो, थोड़ा focus करो।","Phone side mein rakho, thoda focus karo.","Phone एक तरफ़ रखिए, थोड़ी एकाग्रता बनाइए।","Phone ek taraf rakhiye, thodi ekagrata banaiye.",कार्य को समय पर पूरा करने के लिए कुछ देर phone अलग रखकर पूरी एकाग्रता से काम कीजिए।,Karya ko samay par poora karne ke liye kuch der phone alag rakhkar poori ekagrata se kaam kijiye.,ध्यान | तल्लीनता | केंद्रण,dhyaan | tallinata | kendran,Ekagrata emphasizes sustained attention rather than momentary focus.,Ekagrata badhaane ki ek salah dijiye.,focus | productivity | advice,medium
93,मोटिवेशन,motivation,प्रेरणा,prerna,inspiration or motivation,तुम्हारी story से मुझे काफ़ी motivation मिला।,Tumhari story se mujhe kaafi motivation mila.,आपकी कहानी से मुझे काफ़ी प्रेरणा मिली।,Aapki kahani se mujhe kaafi prerna mili.,आपकी संघर्ष और सफलता की कहानी से मुझे अपने लक्ष्य के प्रति नई प्रेरणा मिली।,Aapki sangharsh aur safalta ki kahani se mujhe apne lakshya ke prati nayi prerna mili.,प्रेरक बल | प्रोत्साहन | उत्साह,prerak bal | protsaahan | utsaah,Prerna is natural for describing a meaningful source of motivation.,Apni kisi prerna ke baare mein ek vaakya kahiye.,motivation | stories | positive,easy
94,एक्साइटमेंट,excitement,उत्साह,utsah,enthusiasm or excitement,नई job को लेकर बहुत excitement है।,Nayi job ko lekar bahut excitement hai.,नई नौकरी को लेकर बहुत उत्साह है।,Nayi naukri ko lekar bahut utsah hai.,नई ज़िम्मेदारी और सीखने के अवसरों को लेकर मेरे मन में बहुत उत्साह है।,Nayi zimmedari aur seekhne ke avasaron ko lekar mere man mein bahut utsah hai.,जोश | उमंग | उल्लास,josh | umang | ullas,Utsah expresses positive energy without sounding overly casual.,Kisi naye avasar ke liye apna utsah dikhaiye.,enthusiasm | opportunity | positive,easy
95,वरी,worry,चिंता,chinta,worry or concern,Result को लेकर थोड़ी worry हो रही है।,Result ko lekar thodi worry ho rahi hai.,परिणाम को लेकर थोड़ी चिंता हो रही है।,Parinaam ko lekar thodi chinta ho rahi hai.,"परिणाम को लेकर कुछ चिंता अवश्य है, फिर भी मुझे अपने प्रयास पर विश्वास है।","Parinaam ko lekar kuch chinta avashya hai, phir bhi mujhe apne prayas par vishwas hai.",फ़िक्र | व्याकुलता | आशंका,fikr | vyakulata | aashanka,Chinta is a natural Hindi word for expressing concern calmly.,Chinta ke saath aasha bhi vyakt karte hue vaakya banaiye.,emotion | uncertainty | reflection,easy
96,रिलीफ़,relief,राहत,raahat,relief or respite,"Report normal आई, बड़ी relief मिली।","Report normal aayi, badi relief mili.","Report सामान्य आई, बड़ी राहत मिली।","Report saamanya aayi, badi raahat mili.",जाँच के परिणाम सामान्य आने से सभी को गहरी राहत मिली।,Jaanch ke parinaam saamanya aane se sabhi ko gehri raahat mili.,चैन | तसल्ली | सुकून,chain | tasalli | sukoon,"Raahat describes the easing of worry in a warm, everyday way.",Raahat milne ki kisi sthiti ka varnan kijiye.,emotion | health | positive,easy
97,रेगुलर,regular,नियमित,niyamit,regular or consistent,मैं अब gym regular जाने की कोशिश कर रहा हूँ।,Main ab gym regular jaane ki koshish kar raha hoon.,मैं अब gym नियमित जाने का प्रयास कर रहा हूँ।,Main ab gym niyamit jaane ka prayas kar raha hoon.,मैं स्वास्थ्य सुधार के लिए अब नियमित रूप से व्यायाम करने का संकल्प ले रहा हूँ।,Main swasthya sudhaar ke liye ab niyamit roop se vyaayaam karne ka sankalp le raha hoon.,निरंतर | नित्य | लगातार,nirantar | nitya | lagataar,"Niyamit is useful for habits, routines, and dependable frequency.",Apni kisi niyamit aadat par ek vaakya kahiye.,habits | health | self improvement,easy
98,अर्जेंट,urgent,तत्काल,tatkaal,immediate or urgent,"यह काम urgent है, पहले इसी को देख लो।","Yeh kaam urgent hai, pehle isi ko dekh lo.","यह कार्य तत्काल है, पहले इसी को देख लीजिए।","Yeh karya tatkaal hai, pehle isi ko dekh lijiye.",यह कार्य तत्काल ध्यान माँगता है; कृपया अन्य कार्यों से पहले इसे पूरा करें।,Yeh karya tatkaal dhyaan maangta hai; kripya anya kaaryon se pehle ise poora karein.,तुरंत | अविलंब | शीघ्र,turant | avilamb | sheeghra,Tatkaal clearly signals urgency and immediate priority.,Tatkaal karya ki prathamikta batate hue ek vaakya kahiye.,urgency | priority | work,easy
99,प्रेज़ेंट,present,उपस्थित,upasthit,present or in attendance,कल meeting में सब present रहना।,Kal meeting mein sab present rehna.,कल बैठक में सब उपस्थित रहिएगा।,Kal baithak mein sab upasthit rahiyega.,कल की महत्वपूर्ण बैठक में सभी सदस्यों का समय पर उपस्थित रहना आवश्यक है।,Kal ki mahatvapurn baithak mein sabhi sadasyon ka samay par upasthit rehna avashyak hai.,हाज़िर | विद्यमान | मौजूद,haazir | vidyamaan | maujood,"Upasthit is a familiar, polished word for being present.",Upasthit rehne ka vinamra nirdesh dijiye.,attendance | meetings | professional,easy
100,एब्सेंट,absent,अनुपस्थित,anupasthit,absent or not present,मैं कल office में absent रहूँगा।,Main kal office mein absent rahunga.,मैं कल कार्यालय में अनुपस्थित रहूँगा।,Main kal karyalaya mein anupasthit rahunga.,व्यक्तिगत कारणों से मैं कल कार्यालय में अनुपस्थित रहूँगा; आवश्यक काम आज पूरा कर दूँगा।,Vyaktigat kaaranon se main kal karyalaya mein anupasthit rahunga; avashyak kaam aaj poora kar doonga.,ग़ैरहाज़िर | अनुपलब्ध | दूर,gairhaazir | anupalabdh | door,"Anupasthit is a clear, professional way to communicate absence.",Anupasthit rehne ki soochna dete hue ek vaakya banaiye.,attendance | updates | workplace,easy
